[2025-10-01 13:06:06,663] INFO [Broker id=1] Transitioning 54 partition(s) to local followers. (state.change.logger)
[2025-10-01 13:06:06,668] INFO [Broker id=1] Follower transactions.raw-0 starts at leader epoch 5 from offset 473 with partition epoch 5 and high watermark 473. Current leader is -1. Previous leader Some(-1) and previous leader epoch was 5. (state.change.logger)
[2025-10-01 13:06:06,668] INFO [Broker id=1] Follower __consumer_offsets-13 starts at leader epoch 5 from offset 0 with partition epoch 5 and high watermark 0. Current leader is -1. Previous leader Some(-1) and previous leader epoch was 5. (state.change.logger)
[2025-10-01 13:06:06,668] INFO [Broker id=1] Follower __consumer_offsets-46 starts at leader epoch 5 from offset 0 with partition epoch 5 and high watermark 0. Current leader is -1. Previous leader Some(-1) and previous leader epoch was 5. (state.change.logger)
[2025-10-01 13:06:06,668] INFO [Broker id=1] Follower __consumer_offsets-9 starts at leader epoch 5 from offset 0 with partition epoch 5 and high watermark 0. Current leader is -1. Previous leader Some(-1) and previous leader epoch was 5. (state.change.logger)
[2025-10-01 13:06:06,668] INFO [Broker id=1] Follower __consumer_offsets-42 starts at leader epoch 5 from offset 0 with partition epoch 5 and high watermark 0. Current leader is -1. Previous leader Some(-1) and previous leader epoch was 5. (state.change.logger)
[2025-10-01 13:06:06,668] INFO [Broker id=1] Follower __consumer_offsets-21 starts at leader epoch 5 from offset 0 with partition epoch 5 and high watermark 0. Current leader is -1. Previous leader Some(-1) and previous leader epoch was 5. (state.change.logger)
[2025-10-01 13:06:06,668] INFO [Broker id=1] Follower __consumer_offsets-17 starts at leader epoch 5 from offset 0 with partition epoch 5 and high watermark 0. Current leader is -1. Previous leader Some(-1) and previous leader epoch was 5. (state.change.logger)
[2025-10-01 13:06:06,669] INFO [Broker id=1] Follower __consumer_offsets-30 starts at leader epoch 5 from offset 0 with partition epoch 5 and high watermark 0. Current leader is -1. Previous leader Some(-1) and previous leader epoch was 5. (state.change.logger)
[2025-10-01 13:06:06,669] INFO [Broker id=1] Follower __consumer_offsets-26 starts at leader epoch 5 from offset 0 with partition epoch 5 and high watermark 0. Current leader is -1. Previous leader Some(-1) and previous leader epoch was 5. (state.change.logger)
[2025-10-01 13:06:06,669] INFO [Broker id=1] Follower __consumer_offsets-5 starts at leader epoch 5 from offset 0 with partition epoch 5 and high watermark 0. Current leader is -1. Previous leader Some(-1) and previous leader epoch was 5. (state.change.logger)
[2025-10-01 13:06:06,669] INFO [Broker id=1] Follower __consumer_offsets-38 starts at leader epoch 5 from offset 0 with partition epoch 5 and high watermark 0. Current leader is -1. Previous leader Some(-1) and previous leader epoch was 5. (state.change.logger)
[2025-10-01 13:06:06,669] INFO [Broker id=1] Follower __consumer_offsets-1 starts at leader epoch 5 from offset 0 with partition epoch 5 and high watermark 0. Current leader is -1. Previous leader Some(-1) and previous leader epoch was 5. (state.change.logger)
[2025-10-01 13:06:06,669] INFO [Broker id=1] Follower __consumer_offsets-34 starts at leader epoch 5 from offset 0 with partition epoch 5 and high watermark 0. Current leader is -1. Previous leader Some(-1) and previous leader epoch was 5. (state.change.logger)
[2025-10-01 13:06:06,669] INFO [Broker id=1] Follower __consumer_offsets-16 starts at leader epoch 5 from offset 0 with partition epoch 5 and high watermark 0. Current leader is -1. Previous leader Some(-1) and previous leader epoch was 5. (state.change.logger)
[2025-10-01 13:06:06,669] INFO [Broker id=1] Follower __consumer_offsets-45 starts at leader epoch 5 from offset 0 with partition epoch 5 and high watermark 0. Current leader is -1. Previous leader Some(-1) and previous leader epoch was 5. (state.change.logger)
[2025-10-01 13:06:06,669] INFO [Broker id=1] Follower __consumer_offsets-12 starts at leader epoch 5 from offset 0 with partition epoch 5 and high watermark 0. Current leader is -1. Previous leader Some(-1) and previous leader epoch was 5. (state.change.logger)
[2025-10-01 13:06:06,669] INFO [Broker id=1] Follower __consumer_offsets-41 starts at leader epoch 5 from offset 0 with partition epoch 5 and high watermark 0. Current leader is -1. Previous leader Some(-1) and previous leader epoch was 5. (state.change.logger)
[2025-10-01 13:06:06,669] INFO [Broker id=1] Follower __consumer_offsets-24 starts at leader epoch 5 from offset 0 with partition epoch 5 and high watermark 0. Current leader is -1. Previous leader Some(-1) and previous leader epoch was 5. (state.change.logger)
[2025-10-01 13:06:06,669] INFO [Broker id=1] Follower __consumer_offsets-20 starts at leader epoch 5 from offset 0 with partition epoch 5 and high watermark 0. Current leader is -1. Previous leader Some(-1) and previous leader epoch was 5. (state.change.logger)
[2025-10-01 13:06:06,669] INFO [Broker id=1] Follower __consumer_offsets-49 starts at leader epoch 5 from offset 0 with partition epoch 5 and high watermark 0. Current leader is -1. Previous leader Some(-1) and previous leader epoch was 5. (state.change.logger)
[2025-10-01 13:06:06,669] INFO [Broker id=1] Follower __consumer_offsets-0 starts at leader epoch 5 from offset 0 with partition epoch 5 and high watermark 0. Current leader is -1. Previous leader Some(-1) and previous leader epoch was 5. (state.change.logger)
[2025-10-01 13:06:06,669] INFO [Broker id=1] Follower __consumer_offsets-29 starts at leader epoch 5 from offset 457 with partition epoch 5 and high watermark 457. Current leader is -1. Previous leader Some(-1) and previous leader epoch was 5. (state.change.logger)
[2025-10-01 13:06:06,669] INFO [Broker id=1] Follower __consumer_offsets-25 starts at leader epoch 5 from offset 0 with partition epoch 5 and high watermark 0. Current leader is -1. Previous leader Some(-1) and previous leader epoch was 5. (state.change.logger)
[2025-10-01 13:06:06,669] INFO [Broker id=1] Follower __consumer_offsets-8 starts at leader epoch 5 from offset 0 with partition epoch 5 and high watermark 0. Current leader is -1. Previous leader Some(-1) and previous leader epoch was 5. (state.change.logger)
[2025-10-01 13:06:06,670] INFO [Broker id=1] Follower __consumer_offsets-37 starts at leader epoch 5 from offset 0 with partition epoch 5 and high watermark 0. Current leader is -1. Previous leader Some(-1) and previous leader epoch was 5. (state.change.logger)
[2025-10-01 13:06:06,670] INFO [Broker id=1] Follower __consumer_offsets-4 starts at leader epoch 5 from offset 453 with partition epoch 5 and high watermark 453. Current leader is -1. Previous leader Some(-1) and previous leader epoch was 5. (state.change.logger)
[2025-10-01 13:06:06,670] INFO [Broker id=1] Follower __consumer_offsets-33 starts at leader epoch 5 from offset 0 with partition epoch 5 and high watermark 0. Current leader is -1. Previous leader Some(-1) and previous leader epoch was 5. (state.change.logger)
[2025-10-01 13:06:06,670] INFO [Broker id=1] Follower __consumer_offsets-15 starts at leader epoch 5 from offset 0 with partition epoch 5 and high watermark 0. Current leader is -1. Previous leader Some(-1) and previous leader epoch was 5. (state.change.logger)
[2025-10-01 13:06:06,670] INFO [Broker id=1] Follower __consumer_offsets-48 starts at leader epoch 5 from offset 0 with partition epoch 5 and high watermark 0. Current leader is -1. Previous leader Some(-1) and previous leader epoch was 5. (state.change.logger)
[2025-10-01 13:06:06,670] INFO [Broker id=1] Follower __consumer_offsets-11 starts at leader epoch 5 from offset 452 with partition epoch 5 and high watermark 452. Current leader is -1. Previous leader Some(-1) and previous leader epoch was 5. (state.change.logger)
[2025-10-01 13:06:06,670] INFO [Broker id=1] Follower __consumer_offsets-44 starts at leader epoch 5 from offset 0 with partition epoch 5 and high watermark 0. Current leader is -1. Previous leader Some(-1) and previous leader epoch was 5. (state.change.logger)
[2025-10-01 13:06:06,670] INFO [Broker id=1] Follower __consumer_offsets-23 starts at leader epoch 5 from offset 0 with partition epoch 5 and high watermark 0. Current leader is -1. Previous leader Some(-1) and previous leader epoch was 5. (state.change.logger)
[2025-10-01 13:06:06,670] INFO [Broker id=1] Follower __consumer_offsets-19 starts at leader epoch 5 from offset 0 with partition epoch 5 and high watermark 0. Current leader is -1. Previous leader Some(-1) and previous leader epoch was 5. (state.change.logger)
[2025-10-01 13:06:06,670] INFO [Broker id=1] Follower __consumer_offsets-32 starts at leader epoch 5 from offset 453 with partition epoch 5 and high watermark 453. Current leader is -1. Previous leader Some(-1) and previous leader epoch was 5. (state.change.logger)
[2025-10-01 13:06:06,670] INFO [Broker id=1] Follower __consumer_offsets-28 starts at leader epoch 5 from offset 0 with partition epoch 5 and high watermark 0. Current leader is -1. Previous leader Some(-1) and previous leader epoch was 5. (state.change.logger)
[2025-10-01 13:06:06,670] INFO [Broker id=1] Follower __consumer_offsets-7 starts at leader epoch 5 from offset 0 with partition epoch 5 and high watermark 0. Current leader is -1. Previous leader Some(-1) and previous leader epoch was 5. (state.change.logger)
[2025-10-01 13:06:06,670] INFO [Broker id=1] Follower __consumer_offsets-40 starts at leader epoch 5 from offset 0 with partition epoch 5 and high watermark 0. Current leader is -1. Previous leader Some(-1) and previous leader epoch was 5. (state.change.logger)
[2025-10-01 13:06:06,670] INFO [Broker id=1] Follower __consumer_offsets-3 starts at leader epoch 5 from offset 454 with partition epoch 5 and high watermark 454. Current leader is -1. Previous leader Some(-1) and previous leader epoch was 5. (state.change.logger)
[2025-10-01 13:06:06,670] INFO [Broker id=1] Follower __consumer_offsets-36 starts at leader epoch 5 from offset 0 with partition epoch 5 and high watermark 0. Current leader is -1. Previous leader Some(-1) and previous leader epoch was 5. (state.change.logger)
[2025-10-01 13:06:06,670] INFO [Broker id=1] Follower __consumer_offsets-47 starts at leader epoch 5 from offset 0 with partition epoch 5 and high watermark 0. Current leader is -1. Previous leader Some(-1) and previous leader epoch was 5. (state.change.logger)
[2025-10-01 13:06:06,670] INFO [Broker id=1] Follower __consumer_offsets-14 starts at leader epoch 5 from offset 0 with partition epoch 5 and high watermark 0. Current leader is -1. Previous leader Some(-1) and previous leader epoch was 5. (state.change.logger)
[2025-10-01 13:06:06,670] INFO [Broker id=1] Follower __consumer_offsets-43 starts at leader epoch 5 from offset 0 with partition epoch 5 and high watermark 0. Current leader is -1. Previous leader Some(-1) and previous leader epoch was 5. (state.change.logger)
[2025-10-01 13:06:06,670] INFO [Broker id=1] Follower __consumer_offsets-10 starts at leader epoch 5 from offset 0 with partition epoch 5 and high watermark 0. Current leader is -1. Previous leader Some(-1) and previous leader epoch was 5. (state.change.logger)
[2025-10-01 13:06:06,670] INFO [Broker id=1] Follower __consumer_offsets-22 starts at leader epoch 5 from offset 454 with partition epoch 5 and high watermark 454. Current leader is -1. Previous leader Some(-1) and previous leader epoch was 5. (state.change.logger)
[2025-10-01 13:06:06,670] INFO [Broker id=1] Follower __consumer_offsets-18 starts at leader epoch 5 from offset 0 with partition epoch 5 and high watermark 0. Current leader is -1. Previous leader Some(-1) and previous leader epoch was 5. (state.change.logger)
[2025-10-01 13:06:06,670] INFO [Broker id=1] Follower __consumer_offsets-31 starts at leader epoch 5 from offset 0 with partition epoch 5 and high watermark 0. Current leader is -1. Previous leader Some(-1) and previous leader epoch was 5. (state.change.logger)
[2025-10-01 13:06:06,670] INFO [Broker id=1] Follower behaviours.scored-0 starts at leader epoch 5 from offset 474 with partition epoch 5 and high watermark 474. Current leader is -1. Previous leader Some(-1) and previous leader epoch was 5. (state.change.logger)
[2025-10-01 13:06:06,670] INFO [Broker id=1] Follower __consumer_offsets-27 starts at leader epoch 5 from offset 0 with partition epoch 5 and high watermark 0. Current leader is -1. Previous leader Some(-1) and previous leader epoch was 5. (state.change.logger)
[2025-10-01 13:06:06,670] INFO [Broker id=1] Follower behaviours.raw-0 starts at leader epoch 5 from offset 473 with partition epoch 5 and high watermark 473. Current leader is -1. Previous leader Some(-1) and previous leader epoch was 5. (state.change.logger)
[2025-10-01 13:06:06,671] INFO [Broker id=1] Follower __consumer_offsets-39 starts at leader epoch 5 from offset 0 with partition epoch 5 and high watermark 0. Current leader is -1. Previous leader Some(-1) and previous leader epoch was 5. (state.change.logger)
[2025-10-01 13:06:06,671] INFO [Broker id=1] Follower __consumer_offsets-6 starts at leader epoch 5 from offset 0 with partition epoch 5 and high watermark 0. Current leader is -1. Previous leader Some(-1) and previous leader epoch was 5. (state.change.logger)
[2025-10-01 13:06:06,671] INFO [Broker id=1] Follower __consumer_offsets-35 starts at leader epoch 5 from offset 0 with partition epoch 5 and high watermark 0. Current leader is -1. Previous leader Some(-1) and previous leader epoch was 5. (state.change.logger)
[2025-10-01 13:06:06,671] INFO [Broker id=1] Follower transactions.scored-0 starts at leader epoch 5 from offset 472 with partition epoch 5 and high watermark 472. Current leader is -1. Previous leader Some(-1) and previous leader epoch was 5. (state.change.logger)
[2025-10-01 13:06:06,671] INFO [Broker id=1] Follower __consumer_offsets-2 starts at leader epoch 5 from offset 0 with partition epoch 5 and high watermark 0. Current leader is -1. Previous leader Some(-1) and previous leader epoch was 5. (state.change.logger)
[2025-10-01 13:06:06,674] INFO [Broker id=1] Stopped fetchers as part of controlled shutdown for 54 partitions (state.change.logger)
[2025-10-01 13:06:16,576] INFO [Broker id=1] Transitioning 54 partition(s) to local followers. (state.change.logger)
[2025-10-01 13:06:16,577] INFO [Broker id=1] Creating new partition transactions.raw-0 with topic id griWkQMMQomcNBw-GqhKFQ. (state.change.logger)
[2025-10-01 13:06:16,584] INFO [Broker id=1] Follower transactions.raw-0 starts at leader epoch 5 from offset 473 with partition epoch 5 and high watermark 473. Current leader is -1. Previous leader Some(-1) and previous leader epoch was 5. (state.change.logger)
[2025-10-01 13:06:16,585] INFO [Broker id=1] Creating new partition __consumer_offsets-13 with topic id jPkbrKUvQu-yUm8CNxPurA. (state.change.logger)
[2025-10-01 13:06:16,585] INFO [Broker id=1] Follower __consumer_offsets-13 starts at leader epoch 5 from offset 0 with partition epoch 5 and high watermark 0. Current leader is -1. Previous leader Some(-1) and previous leader epoch was 5. (state.change.logger)
[2025-10-01 13:06:16,585] INFO [Broker id=1] Creating new partition __consumer_offsets-46 with topic id jPkbrKUvQu-yUm8CNxPurA. (state.change.logger)
[2025-10-01 13:06:16,585] INFO [Broker id=1] Follower __consumer_offsets-46 starts at leader epoch 5 from offset 0 with partition epoch 5 and high watermark 0. Current leader is -1. Previous leader Some(-1) and previous leader epoch was 5. (state.change.logger)
[2025-10-01 13:06:16,585] INFO [Broker id=1] Creating new partition __consumer_offsets-9 with topic id jPkbrKUvQu-yUm8CNxPurA. (state.change.logger)
[2025-10-01 13:06:16,585] INFO [Broker id=1] Follower __consumer_offsets-9 starts at leader epoch 5 from offset 0 with partition epoch 5 and high watermark 0. Current leader is -1. Previous leader Some(-1) and previous leader epoch was 5. (state.change.logger)
[2025-10-01 13:06:16,585] INFO [Broker id=1] Creating new partition __consumer_offsets-42 with topic id jPkbrKUvQu-yUm8CNxPurA. (state.change.logger)
[2025-10-01 13:06:16,586] INFO [Broker id=1] Follower __consumer_offsets-42 starts at leader epoch 5 from offset 0 with partition epoch 5 and high watermark 0. Current leader is -1. Previous leader Some(-1) and previous leader epoch was 5. (state.change.logger)
[2025-10-01 13:06:16,586] INFO [Broker id=1] Creating new partition __consumer_offsets-21 with topic id jPkbrKUvQu-yUm8CNxPurA. (state.change.logger)
[2025-10-01 13:06:16,586] INFO [Broker id=1] Follower __consumer_offsets-21 starts at leader epoch 5 from offset 0 with partition epoch 5 and high watermark 0. Current leader is -1. Previous leader Some(-1) and previous leader epoch was 5. (state.change.logger)
[2025-10-01 13:06:16,586] INFO [Broker id=1] Creating new partition __consumer_offsets-17 with topic id jPkbrKUvQu-yUm8CNxPurA. (state.change.logger)
[2025-10-01 13:06:16,586] INFO [Broker id=1] Follower __consumer_offsets-17 starts at leader epoch 5 from offset 0 with partition epoch 5 and high watermark 0. Current leader is -1. Previous leader Some(-1) and previous leader epoch was 5. (state.change.logger)
[2025-10-01 13:06:16,586] INFO [Broker id=1] Creating new partition __consumer_offsets-30 with topic id jPkbrKUvQu-yUm8CNxPurA. (state.change.logger)
[2025-10-01 13:06:16,586] INFO [Broker id=1] Follower __consumer_offsets-30 starts at leader epoch 5 from offset 0 with partition epoch 5 and high watermark 0. Current leader is -1. Previous leader Some(-1) and previous leader epoch was 5. (state.change.logger)
[2025-10-01 13:06:16,586] INFO [Broker id=1] Creating new partition __consumer_offsets-26 with topic id jPkbrKUvQu-yUm8CNxPurA. (state.change.logger)
[2025-10-01 13:06:16,587] INFO [Broker id=1] Follower __consumer_offsets-26 starts at leader epoch 5 from offset 0 with partition epoch 5 and high watermark 0. Current leader is -1. Previous leader Some(-1) and previous leader epoch was 5. (state.change.logger)
[2025-10-01 13:06:16,587] INFO [Broker id=1] Creating new partition __consumer_offsets-5 with topic id jPkbrKUvQu-yUm8CNxPurA. (state.change.logger)
[2025-10-01 13:06:16,587] INFO [Broker id=1] Follower __consumer_offsets-5 starts at leader epoch 5 from offset 0 with partition epoch 5 and high watermark 0. Current leader is -1. Previous leader Some(-1) and previous leader epoch was 5. (state.change.logger)
[2025-10-01 13:06:16,587] INFO [Broker id=1] Creating new partition __consumer_offsets-38 with topic id jPkbrKUvQu-yUm8CNxPurA. (state.change.logger)
[2025-10-01 13:06:16,587] INFO [Broker id=1] Follower __consumer_offsets-38 starts at leader epoch 5 from offset 0 with partition epoch 5 and high watermark 0. Current leader is -1. Previous leader Some(-1) and previous leader epoch was 5. (state.change.logger)
[2025-10-01 13:06:16,587] INFO [Broker id=1] Creating new partition __consumer_offsets-1 with topic id jPkbrKUvQu-yUm8CNxPurA. (state.change.logger)
[2025-10-01 13:06:16,587] INFO [Broker id=1] Follower __consumer_offsets-1 starts at leader epoch 5 from offset 0 with partition epoch 5 and high watermark 0. Current leader is -1. Previous leader Some(-1) and previous leader epoch was 5. (state.change.logger)
[2025-10-01 13:06:16,587] INFO [Broker id=1] Creating new partition __consumer_offsets-34 with topic id jPkbrKUvQu-yUm8CNxPurA. (state.change.logger)
[2025-10-01 13:06:16,587] INFO [Broker id=1] Follower __consumer_offsets-34 starts at leader epoch 5 from offset 0 with partition epoch 5 and high watermark 0. Current leader is -1. Previous leader Some(-1) and previous leader epoch was 5. (state.change.logger)
[2025-10-01 13:06:16,588] INFO [Broker id=1] Creating new partition __consumer_offsets-16 with topic id jPkbrKUvQu-yUm8CNxPurA. (state.change.logger)
[2025-10-01 13:06:16,588] INFO [Broker id=1] Follower __consumer_offsets-16 starts at leader epoch 5 from offset 0 with partition epoch 5 and high watermark 0. Current leader is -1. Previous leader Some(-1) and previous leader epoch was 5. (state.change.logger)
[2025-10-01 13:06:16,588] INFO [Broker id=1] Creating new partition __consumer_offsets-45 with topic id jPkbrKUvQu-yUm8CNxPurA. (state.change.logger)
[2025-10-01 13:06:16,588] INFO [Broker id=1] Follower __consumer_offsets-45 starts at leader epoch 5 from offset 0 with partition epoch 5 and high watermark 0. Current leader is -1. Previous leader Some(-1) and previous leader epoch was 5. (state.change.logger)
[2025-10-01 13:06:16,588] INFO [Broker id=1] Creating new partition __consumer_offsets-12 with topic id jPkbrKUvQu-yUm8CNxPurA. (state.change.logger)
[2025-10-01 13:06:16,588] INFO [Broker id=1] Follower __consumer_offsets-12 starts at leader epoch 5 from offset 0 with partition epoch 5 and high watermark 0. Current leader is -1. Previous leader Some(-1) and previous leader epoch was 5. (state.change.logger)
[2025-10-01 13:06:16,588] INFO [Broker id=1] Creating new partition __consumer_offsets-41 with topic id jPkbrKUvQu-yUm8CNxPurA. (state.change.logger)
[2025-10-01 13:06:16,589] INFO [Broker id=1] Follower __consumer_offsets-41 starts at leader epoch 5 from offset 0 with partition epoch 5 and high watermark 0. Current leader is -1. Previous leader Some(-1) and previous leader epoch was 5. (state.change.logger)
[2025-10-01 13:06:16,589] INFO [Broker id=1] Creating new partition __consumer_offsets-24 with topic id jPkbrKUvQu-yUm8CNxPurA. (state.change.logger)
[2025-10-01 13:06:16,589] INFO [Broker id=1] Follower __consumer_offsets-24 starts at leader epoch 5 from offset 0 with partition epoch 5 and high watermark 0. Current leader is -1. Previous leader Some(-1) and previous leader epoch was 5. (state.change.logger)
[2025-10-01 13:06:16,589] INFO [Broker id=1] Creating new partition __consumer_offsets-20 with topic id jPkbrKUvQu-yUm8CNxPurA. (state.change.logger)
[2025-10-01 13:06:16,589] INFO [Broker id=1] Follower __consumer_offsets-20 starts at leader epoch 5 from offset 0 with partition epoch 5 and high watermark 0. Current leader is -1. Previous leader Some(-1) and previous leader epoch was 5. (state.change.logger)
[2025-10-01 13:06:16,589] INFO [Broker id=1] Creating new partition __consumer_offsets-49 with topic id jPkbrKUvQu-yUm8CNxPurA. (state.change.logger)
[2025-10-01 13:06:16,589] INFO [Broker id=1] Follower __consumer_offsets-49 starts at leader epoch 5 from offset 0 with partition epoch 5 and high watermark 0. Current leader is -1. Previous leader Some(-1) and previous leader epoch was 5. (state.change.logger)
[2025-10-01 13:06:16,589] INFO [Broker id=1] Creating new partition __consumer_offsets-0 with topic id jPkbrKUvQu-yUm8CNxPurA. (state.change.logger)
[2025-10-01 13:06:16,589] INFO [Broker id=1] Follower __consumer_offsets-0 starts at leader epoch 5 from offset 0 with partition epoch 5 and high watermark 0. Current leader is -1. Previous leader Some(-1) and previous leader epoch was 5. (state.change.logger)
[2025-10-01 13:06:16,590] INFO [Broker id=1] Creating new partition __consumer_offsets-29 with topic id jPkbrKUvQu-yUm8CNxPurA. (state.change.logger)
[2025-10-01 13:06:16,590] INFO [Broker id=1] Follower __consumer_offsets-29 starts at leader epoch 5 from offset 457 with partition epoch 5 and high watermark 457. Current leader is -1. Previous leader Some(-1) and previous leader epoch was 5. (state.change.logger)
[2025-10-01 13:06:16,590] INFO [Broker id=1] Creating new partition __consumer_offsets-25 with topic id jPkbrKUvQu-yUm8CNxPurA. (state.change.logger)
[2025-10-01 13:06:16,590] INFO [Broker id=1] Follower __consumer_offsets-25 starts at leader epoch 5 from offset 0 with partition epoch 5 and high watermark 0. Current leader is -1. Previous leader Some(-1) and previous leader epoch was 5. (state.change.logger)
[2025-10-01 13:06:16,590] INFO [Broker id=1] Creating new partition __consumer_offsets-8 with topic id jPkbrKUvQu-yUm8CNxPurA. (state.change.logger)
[2025-10-01 13:06:16,590] INFO [Broker id=1] Follower __consumer_offsets-8 starts at leader epoch 5 from offset 0 with partition epoch 5 and high watermark 0. Current leader is -1. Previous leader Some(-1) and previous leader epoch was 5. (state.change.logger)
[2025-10-01 13:06:16,590] INFO [Broker id=1] Creating new partition __consumer_offsets-37 with topic id jPkbrKUvQu-yUm8CNxPurA. (state.change.logger)
[2025-10-01 13:06:16,590] INFO [Broker id=1] Follower __consumer_offsets-37 starts at leader epoch 5 from offset 0 with partition epoch 5 and high watermark 0. Current leader is -1. Previous leader Some(-1) and previous leader epoch was 5. (state.change.logger)
[2025-10-01 13:06:16,590] INFO [Broker id=1] Creating new partition __consumer_offsets-4 with topic id jPkbrKUvQu-yUm8CNxPurA. (state.change.logger)
[2025-10-01 13:06:16,590] INFO [Broker id=1] Follower __consumer_offsets-4 starts at leader epoch 5 from offset 453 with partition epoch 5 and high watermark 453. Current leader is -1. Previous leader Some(-1) and previous leader epoch was 5. (state.change.logger)
[2025-10-01 13:06:16,590] INFO [Broker id=1] Creating new partition __consumer_offsets-33 with topic id jPkbrKUvQu-yUm8CNxPurA. (state.change.logger)
[2025-10-01 13:06:16,591] INFO [Broker id=1] Follower __consumer_offsets-33 starts at leader epoch 5 from offset 0 with partition epoch 5 and high watermark 0. Current leader is -1. Previous leader Some(-1) and previous leader epoch was 5. (state.change.logger)
[2025-10-01 13:06:16,591] INFO [Broker id=1] Creating new partition __consumer_offsets-15 with topic id jPkbrKUvQu-yUm8CNxPurA. (state.change.logger)
[2025-10-01 13:06:16,591] INFO [Broker id=1] Follower __consumer_offsets-15 starts at leader epoch 5 from offset 0 with partition epoch 5 and high watermark 0. Current leader is -1. Previous leader Some(-1) and previous leader epoch was 5. (state.change.logger)
[2025-10-01 13:06:16,591] INFO [Broker id=1] Creating new partition __consumer_offsets-48 with topic id jPkbrKUvQu-yUm8CNxPurA. (state.change.logger)
[2025-10-01 13:06:16,591] INFO [Broker id=1] Follower __consumer_offsets-48 starts at leader epoch 5 from offset 0 with partition epoch 5 and high watermark 0. Current leader is -1. Previous leader Some(-1) and previous leader epoch was 5. (state.change.logger)
[2025-10-01 13:06:16,591] INFO [Broker id=1] Creating new partition __consumer_offsets-11 with topic id jPkbrKUvQu-yUm8CNxPurA. (state.change.logger)
[2025-10-01 13:06:16,591] INFO [Broker id=1] Follower __consumer_offsets-11 starts at leader epoch 5 from offset 452 with partition epoch 5 and high watermark 452. Current leader is -1. Previous leader Some(-1) and previous leader epoch was 5. (state.change.logger)
[2025-10-01 13:06:16,591] INFO [Broker id=1] Creating new partition __consumer_offsets-44 with topic id jPkbrKUvQu-yUm8CNxPurA. (state.change.logger)
[2025-10-01 13:06:16,591] INFO [Broker id=1] Follower __consumer_offsets-44 starts at leader epoch 5 from offset 0 with partition epoch 5 and high watermark 0. Current leader is -1. Previous leader Some(-1) and previous leader epoch was 5. (state.change.logger)
[2025-10-01 13:06:16,591] INFO [Broker id=1] Creating new partition __consumer_offsets-23 with topic id jPkbrKUvQu-yUm8CNxPurA. (state.change.logger)
[2025-10-01 13:06:16,591] INFO [Broker id=1] Follower __consumer_offsets-23 starts at leader epoch 5 from offset 0 with partition epoch 5 and high watermark 0. Current leader is -1. Previous leader Some(-1) and previous leader epoch was 5. (state.change.logger)
[2025-10-01 13:06:16,592] INFO [Broker id=1] Creating new partition __consumer_offsets-19 with topic id jPkbrKUvQu-yUm8CNxPurA. (state.change.logger)
[2025-10-01 13:06:16,592] INFO [Broker id=1] Follower __consumer_offsets-19 starts at leader epoch 5 from offset 0 with partition epoch 5 and high watermark 0. Current leader is -1. Previous leader Some(-1) and previous leader epoch was 5. (state.change.logger)
[2025-10-01 13:06:16,592] INFO [Broker id=1] Creating new partition __consumer_offsets-32 with topic id jPkbrKUvQu-yUm8CNxPurA. (state.change.logger)
[2025-10-01 13:06:16,592] INFO [Broker id=1] Follower __consumer_offsets-32 starts at leader epoch 5 from offset 453 with partition epoch 5 and high watermark 453. Current leader is -1. Previous leader Some(-1) and previous leader epoch was 5. (state.change.logger)
[2025-10-01 13:06:16,592] INFO [Broker id=1] Creating new partition __consumer_offsets-28 with topic id jPkbrKUvQu-yUm8CNxPurA. (state.change.logger)
[2025-10-01 13:06:16,592] INFO [Broker id=1] Follower __consumer_offsets-28 starts at leader epoch 5 from offset 0 with partition epoch 5 and high watermark 0. Current leader is -1. Previous leader Some(-1) and previous leader epoch was 5. (state.change.logger)
[2025-10-01 13:06:16,592] INFO [Broker id=1] Creating new partition __consumer_offsets-7 with topic id jPkbrKUvQu-yUm8CNxPurA. (state.change.logger)
[2025-10-01 13:06:16,592] INFO [Broker id=1] Follower __consumer_offsets-7 starts at leader epoch 5 from offset 0 with partition epoch 5 and high watermark 0. Current leader is -1. Previous leader Some(-1) and previous leader epoch was 5. (state.change.logger)
[2025-10-01 13:06:16,592] INFO [Broker id=1] Creating new partition __consumer_offsets-40 with topic id jPkbrKUvQu-yUm8CNxPurA. (state.change.logger)
[2025-10-01 13:06:16,592] INFO [Broker id=1] Follower __consumer_offsets-40 starts at leader epoch 5 from offset 0 with partition epoch 5 and high watermark 0. Current leader is -1. Previous leader Some(-1) and previous leader epoch was 5. (state.change.logger)
[2025-10-01 13:06:16,593] INFO [Broker id=1] Creating new partition __consumer_offsets-3 with topic id jPkbrKUvQu-yUm8CNxPurA. (state.change.logger)
[2025-10-01 13:06:16,593] INFO [Broker id=1] Follower __consumer_offsets-3 starts at leader epoch 5 from offset 454 with partition epoch 5 and high watermark 454. Current leader is -1. Previous leader Some(-1) and previous leader epoch was 5. (state.change.logger)
[2025-10-01 13:06:16,593] INFO [Broker id=1] Creating new partition __consumer_offsets-36 with topic id jPkbrKUvQu-yUm8CNxPurA. (state.change.logger)
[2025-10-01 13:06:16,593] INFO [Broker id=1] Follower __consumer_offsets-36 starts at leader epoch 5 from offset 0 with partition epoch 5 and high watermark 0. Current leader is -1. Previous leader Some(-1) and previous leader epoch was 5. (state.change.logger)
[2025-10-01 13:06:16,593] INFO [Broker id=1] Creating new partition __consumer_offsets-47 with topic id jPkbrKUvQu-yUm8CNxPurA. (state.change.logger)
[2025-10-01 13:06:16,593] INFO [Broker id=1] Follower __consumer_offsets-47 starts at leader epoch 5 from offset 0 with partition epoch 5 and high watermark 0. Current leader is -1. Previous leader Some(-1) and previous leader epoch was 5. (state.change.logger)
[2025-10-01 13:06:16,593] INFO [Broker id=1] Creating new partition __consumer_offsets-14 with topic id jPkbrKUvQu-yUm8CNxPurA. (state.change.logger)
[2025-10-01 13:06:16,593] INFO [Broker id=1] Follower __consumer_offsets-14 starts at leader epoch 5 from offset 0 with partition epoch 5 and high watermark 0. Current leader is -1. Previous leader Some(-1) and previous leader epoch was 5. (state.change.logger)
[2025-10-01 13:06:16,593] INFO [Broker id=1] Creating new partition __consumer_offsets-43 with topic id jPkbrKUvQu-yUm8CNxPurA. (state.change.logger)
[2025-10-01 13:06:16,594] INFO [Broker id=1] Follower __consumer_offsets-43 starts at leader epoch 5 from offset 0 with partition epoch 5 and high watermark 0. Current leader is -1. Previous leader Some(-1) and previous leader epoch was 5. (state.change.logger)
[2025-10-01 13:06:16,594] INFO [Broker id=1] Creating new partition __consumer_offsets-10 with topic id jPkbrKUvQu-yUm8CNxPurA. (state.change.logger)
[2025-10-01 13:06:16,594] INFO [Broker id=1] Follower __consumer_offsets-10 starts at leader epoch 5 from offset 0 with partition epoch 5 and high watermark 0. Current leader is -1. Previous leader Some(-1) and previous leader epoch was 5. (state.change.logger)
[2025-10-01 13:06:16,594] INFO [Broker id=1] Creating new partition __consumer_offsets-22 with topic id jPkbrKUvQu-yUm8CNxPurA. (state.change.logger)
[2025-10-01 13:06:16,594] INFO [Broker id=1] Follower __consumer_offsets-22 starts at leader epoch 5 from offset 454 with partition epoch 5 and high watermark 454. Current leader is -1. Previous leader Some(-1) and previous leader epoch was 5. (state.change.logger)
[2025-10-01 13:06:16,594] INFO [Broker id=1] Creating new partition __consumer_offsets-18 with topic id jPkbrKUvQu-yUm8CNxPurA. (state.change.logger)
[2025-10-01 13:06:16,594] INFO [Broker id=1] Follower __consumer_offsets-18 starts at leader epoch 5 from offset 0 with partition epoch 5 and high watermark 0. Current leader is -1. Previous leader Some(-1) and previous leader epoch was 5. (state.change.logger)
[2025-10-01 13:06:16,594] INFO [Broker id=1] Creating new partition __consumer_offsets-31 with topic id jPkbrKUvQu-yUm8CNxPurA. (state.change.logger)
[2025-10-01 13:06:16,594] INFO [Broker id=1] Follower __consumer_offsets-31 starts at leader epoch 5 from offset 0 with partition epoch 5 and high watermark 0. Current leader is -1. Previous leader Some(-1) and previous leader epoch was 5. (state.change.logger)
[2025-10-01 13:06:16,594] INFO [Broker id=1] Creating new partition behaviours.scored-0 with topic id Ns1saxJ0SlC24SIwzIwcDg. (state.change.logger)
[2025-10-01 13:06:16,594] INFO [Broker id=1] Follower behaviours.scored-0 starts at leader epoch 5 from offset 474 with partition epoch 5 and high watermark 474. Current leader is -1. Previous leader Some(-1) and previous leader epoch was 5. (state.change.logger)
[2025-10-01 13:06:16,594] INFO [Broker id=1] Creating new partition __consumer_offsets-27 with topic id jPkbrKUvQu-yUm8CNxPurA. (state.change.logger)
[2025-10-01 13:06:16,595] INFO [Broker id=1] Follower __consumer_offsets-27 starts at leader epoch 5 from offset 0 with partition epoch 5 and high watermark 0. Current leader is -1. Previous leader Some(-1) and previous leader epoch was 5. (state.change.logger)
[2025-10-01 13:06:16,595] INFO [Broker id=1] Creating new partition behaviours.raw-0 with topic id ImaLmBOIQnaYvkNuNViBFw. (state.change.logger)
[2025-10-01 13:06:16,595] INFO [Broker id=1] Follower behaviours.raw-0 starts at leader epoch 5 from offset 473 with partition epoch 5 and high watermark 473. Current leader is -1. Previous leader Some(-1) and previous leader epoch was 5. (state.change.logger)
[2025-10-01 13:06:16,595] INFO [Broker id=1] Creating new partition __consumer_offsets-39 with topic id jPkbrKUvQu-yUm8CNxPurA. (state.change.logger)
[2025-10-01 13:06:16,595] INFO [Broker id=1] Follower __consumer_offsets-39 starts at leader epoch 5 from offset 0 with partition epoch 5 and high watermark 0. Current leader is -1. Previous leader Some(-1) and previous leader epoch was 5. (state.change.logger)
[2025-10-01 13:06:16,595] INFO [Broker id=1] Creating new partition __consumer_offsets-6 with topic id jPkbrKUvQu-yUm8CNxPurA. (state.change.logger)
[2025-10-01 13:06:16,595] INFO [Broker id=1] Follower __consumer_offsets-6 starts at leader epoch 5 from offset 0 with partition epoch 5 and high watermark 0. Current leader is -1. Previous leader Some(-1) and previous leader epoch was 5. (state.change.logger)
[2025-10-01 13:06:16,595] INFO [Broker id=1] Creating new partition __consumer_offsets-35 with topic id jPkbrKUvQu-yUm8CNxPurA. (state.change.logger)
[2025-10-01 13:06:16,595] INFO [Broker id=1] Follower __consumer_offsets-35 starts at leader epoch 5 from offset 0 with partition epoch 5 and high watermark 0. Current leader is -1. Previous leader Some(-1) and previous leader epoch was 5. (state.change.logger)
[2025-10-01 13:06:16,595] INFO [Broker id=1] Creating new partition transactions.scored-0 with topic id 0W5DZL3wQsqHsGGxBeJFtA. (state.change.logger)
[2025-10-01 13:06:16,596] INFO [Broker id=1] Follower transactions.scored-0 starts at leader epoch 5 from offset 472 with partition epoch 5 and high watermark 472. Current leader is -1. Previous leader Some(-1) and previous leader epoch was 5. (state.change.logger)
[2025-10-01 13:06:16,596] INFO [Broker id=1] Creating new partition __consumer_offsets-2 with topic id jPkbrKUvQu-yUm8CNxPurA. (state.change.logger)
[2025-10-01 13:06:16,596] INFO [Broker id=1] Follower __consumer_offsets-2 starts at leader epoch 5 from offset 0 with partition epoch 5 and high watermark 0. Current leader is -1. Previous leader Some(-1) and previous leader epoch was 5. (state.change.logger)
[2025-10-01 13:06:16,597] INFO [Broker id=1] Stopped fetchers as part of become-follower for 54 partitions (state.change.logger)
[2025-10-01 13:06:16,598] INFO [Broker id=1] Started fetchers as part of become-follower for 54 partitions (state.change.logger)
[2025-10-01 13:06:16,668] INFO [Broker id=1] Transitioning 54 partition(s) to local leaders. (state.change.logger)
[2025-10-01 13:06:16,671] INFO [Broker id=1] Leader transactions.raw-0 with topic id Some(griWkQMMQomcNBw-GqhKFQ) starts at leader epoch 6 from offset 473 with partition epoch 6, high watermark 473, ISR [1], adding replicas [] and removing replicas [] . Previous leader Some(-1) and previous leader epoch was 5. (state.change.logger)
[2025-10-01 13:06:16,674] INFO [Broker id=1] Leader __consumer_offsets-13 with topic id Some(jPkbrKUvQu-yUm8CNxPurA) starts at leader epoch 6 from offset 0 with partition epoch 6, high watermark 0, ISR [1], adding replicas [] and removing replicas [] . Previous leader Some(-1) and previous leader epoch was 5. (state.change.logger)
[2025-10-01 13:06:16,678] INFO [Broker id=1] Leader __consumer_offsets-46 with topic id Some(jPkbrKUvQu-yUm8CNxPurA) starts at leader epoch 6 from offset 0 with partition epoch 6, high watermark 0, ISR [1], adding replicas [] and removing replicas [] . Previous leader Some(-1) and previous leader epoch was 5. (state.change.logger)
[2025-10-01 13:06:16,681] INFO [Broker id=1] Leader __consumer_offsets-9 with topic id Some(jPkbrKUvQu-yUm8CNxPurA) starts at leader epoch 6 from offset 0 with partition epoch 6, high watermark 0, ISR [1], adding replicas [] and removing replicas [] . Previous leader Some(-1) and previous leader epoch was 5. (state.change.logger)
[2025-10-01 13:06:16,685] INFO [Broker id=1] Leader __consumer_offsets-42 with topic id Some(jPkbrKUvQu-yUm8CNxPurA) starts at leader epoch 6 from offset 0 with partition epoch 6, high watermark 0, ISR [1], adding replicas [] and removing replicas [] . Previous leader Some(-1) and previous leader epoch was 5. (state.change.logger)
[2025-10-01 13:06:16,690] INFO [Broker id=1] Leader __consumer_offsets-21 with topic id Some(jPkbrKUvQu-yUm8CNxPurA) starts at leader epoch 6 from offset 0 with partition epoch 6, high watermark 0, ISR [1], adding replicas [] and removing replicas [] . Previous leader Some(-1) and previous leader epoch was 5. (state.change.logger)
[2025-10-01 13:06:16,692] INFO [Broker id=1] Leader __consumer_offsets-17 with topic id Some(jPkbrKUvQu-yUm8CNxPurA) starts at leader epoch 6 from offset 0 with partition epoch 6, high watermark 0, ISR [1], adding replicas [] and removing replicas [] . Previous leader Some(-1) and previous leader epoch was 5. (state.change.logger)
[2025-10-01 13:06:16,697] INFO [Broker id=1] Leader __consumer_offsets-30 with topic id Some(jPkbrKUvQu-yUm8CNxPurA) starts at leader epoch 6 from offset 0 with partition epoch 6, high watermark 0, ISR [1], adding replicas [] and removing replicas [] . Previous leader Some(-1) and previous leader epoch was 5. (state.change.logger)
[2025-10-01 13:06:16,699] INFO [Broker id=1] Leader __consumer_offsets-26 with topic id Some(jPkbrKUvQu-yUm8CNxPurA) starts at leader epoch 6 from offset 0 with partition epoch 6, high watermark 0, ISR [1], adding replicas [] and removing replicas [] . Previous leader Some(-1) and previous leader epoch was 5. (state.change.logger)
[2025-10-01 13:06:16,701] INFO [Broker id=1] Leader __consumer_offsets-5 with topic id Some(jPkbrKUvQu-yUm8CNxPurA) starts at leader epoch 6 from offset 0 with partition epoch 6, high watermark 0, ISR [1], adding replicas [] and removing replicas [] . Previous leader Some(-1) and previous leader epoch was 5. (state.change.logger)
[2025-10-01 13:06:16,705] INFO [Broker id=1] Leader __consumer_offsets-38 with topic id Some(jPkbrKUvQu-yUm8CNxPurA) starts at leader epoch 6 from offset 0 with partition epoch 6, high watermark 0, ISR [1], adding replicas [] and removing replicas [] . Previous leader Some(-1) and previous leader epoch was 5. (state.change.logger)
[2025-10-01 13:06:16,708] INFO [Broker id=1] Leader __consumer_offsets-1 with topic id Some(jPkbrKUvQu-yUm8CNxPurA) starts at leader epoch 6 from offset 0 with partition epoch 6, high watermark 0, ISR [1], adding replicas [] and removing replicas [] . Previous leader Some(-1) and previous leader epoch was 5. (state.change.logger)
[2025-10-01 13:06:16,710] INFO [Broker id=1] Leader __consumer_offsets-34 with topic id Some(jPkbrKUvQu-yUm8CNxPurA) starts at leader epoch 6 from offset 0 with partition epoch 6, high watermark 0, ISR [1], adding replicas [] and removing replicas [] . Previous leader Some(-1) and previous leader epoch was 5. (state.change.logger)
[2025-10-01 13:06:16,712] INFO [Broker id=1] Leader __consumer_offsets-16 with topic id Some(jPkbrKUvQu-yUm8CNxPurA) starts at leader epoch 6 from offset 0 with partition epoch 6, high watermark 0, ISR [1], adding replicas [] and removing replicas [] . Previous leader Some(-1) and previous leader epoch was 5. (state.change.logger)
[2025-10-01 13:06:16,716] INFO [Broker id=1] Leader __consumer_offsets-45 with topic id Some(jPkbrKUvQu-yUm8CNxPurA) starts at leader epoch 6 from offset 0 with partition epoch 6, high watermark 0, ISR [1], adding replicas [] and removing replicas [] . Previous leader Some(-1) and previous leader epoch was 5. (state.change.logger)
[2025-10-01 13:06:16,720] INFO [Broker id=1] Leader __consumer_offsets-12 with topic id Some(jPkbrKUvQu-yUm8CNxPurA) starts at leader epoch 6 from offset 0 with partition epoch 6, high watermark 0, ISR [1], adding replicas [] and removing replicas [] . Previous leader Some(-1) and previous leader epoch was 5. (state.change.logger)
[2025-10-01 13:06:16,722] INFO [Broker id=1] Leader __consumer_offsets-41 with topic id Some(jPkbrKUvQu-yUm8CNxPurA) starts at leader epoch 6 from offset 0 with partition epoch 6, high watermark 0, ISR [1], adding replicas [] and removing replicas [] . Previous leader Some(-1) and previous leader epoch was 5. (state.change.logger)
[2025-10-01 13:06:16,726] INFO [Broker id=1] Leader __consumer_offsets-24 with topic id Some(jPkbrKUvQu-yUm8CNxPurA) starts at leader epoch 6 from offset 0 with partition epoch 6, high watermark 0, ISR [1], adding replicas [] and removing replicas [] . Previous leader Some(-1) and previous leader epoch was 5. (state.change.logger)
[2025-10-01 13:06:16,730] INFO [Broker id=1] Leader __consumer_offsets-20 with topic id Some(jPkbrKUvQu-yUm8CNxPurA) starts at leader epoch 6 from offset 0 with partition epoch 6, high watermark 0, ISR [1], adding replicas [] and removing replicas [] . Previous leader Some(-1) and previous leader epoch was 5. (state.change.logger)
[2025-10-01 13:06:16,731] INFO [Broker id=1] Leader __consumer_offsets-49 with topic id Some(jPkbrKUvQu-yUm8CNxPurA) starts at leader epoch 6 from offset 0 with partition epoch 6, high watermark 0, ISR [1], adding replicas [] and removing replicas [] . Previous leader Some(-1) and previous leader epoch was 5. (state.change.logger)
[2025-10-01 13:06:16,736] INFO [Broker id=1] Leader __consumer_offsets-0 with topic id Some(jPkbrKUvQu-yUm8CNxPurA) starts at leader epoch 6 from offset 0 with partition epoch 6, high watermark 0, ISR [1], adding replicas [] and removing replicas [] . Previous leader Some(-1) and previous leader epoch was 5. (state.change.logger)
[2025-10-01 13:06:16,738] INFO [Broker id=1] Leader __consumer_offsets-29 with topic id Some(jPkbrKUvQu-yUm8CNxPurA) starts at leader epoch 6 from offset 457 with partition epoch 6, high watermark 457, ISR [1], adding replicas [] and removing replicas [] . Previous leader Some(-1) and previous leader epoch was 5. (state.change.logger)
[2025-10-01 13:06:16,743] INFO [Broker id=1] Leader __consumer_offsets-25 with topic id Some(jPkbrKUvQu-yUm8CNxPurA) starts at leader epoch 6 from offset 0 with partition epoch 6, high watermark 0, ISR [1], adding replicas [] and removing replicas [] . Previous leader Some(-1) and previous leader epoch was 5. (state.change.logger)
[2025-10-01 13:06:16,747] INFO [Broker id=1] Leader __consumer_offsets-8 with topic id Some(jPkbrKUvQu-yUm8CNxPurA) starts at leader epoch 6 from offset 0 with partition epoch 6, high watermark 0, ISR [1], adding replicas [] and removing replicas [] . Previous leader Some(-1) and previous leader epoch was 5. (state.change.logger)
[2025-10-01 13:06:16,750] INFO [Broker id=1] Leader __consumer_offsets-37 with topic id Some(jPkbrKUvQu-yUm8CNxPurA) starts at leader epoch 6 from offset 0 with partition epoch 6, high watermark 0, ISR [1], adding replicas [] and removing replicas [] . Previous leader Some(-1) and previous leader epoch was 5. (state.change.logger)
[2025-10-01 13:06:16,753] INFO [Broker id=1] Leader __consumer_offsets-4 with topic id Some(jPkbrKUvQu-yUm8CNxPurA) starts at leader epoch 6 from offset 453 with partition epoch 6, high watermark 453, ISR [1], adding replicas [] and removing replicas [] . Previous leader Some(-1) and previous leader epoch was 5. (state.change.logger)
[2025-10-01 13:06:16,757] INFO [Broker id=1] Leader __consumer_offsets-33 with topic id Some(jPkbrKUvQu-yUm8CNxPurA) starts at leader epoch 6 from offset 0 with partition epoch 6, high watermark 0, ISR [1], adding replicas [] and removing replicas [] . Previous leader Some(-1) and previous leader epoch was 5. (state.change.logger)
[2025-10-01 13:06:16,761] INFO [Broker id=1] Leader __consumer_offsets-15 with topic id Some(jPkbrKUvQu-yUm8CNxPurA) starts at leader epoch 6 from offset 0 with partition epoch 6, high watermark 0, ISR [1], adding replicas [] and removing replicas [] . Previous leader Some(-1) and previous leader epoch was 5. (state.change.logger)
[2025-10-01 13:06:16,765] INFO [Broker id=1] Leader __consumer_offsets-48 with topic id Some(jPkbrKUvQu-yUm8CNxPurA) starts at leader epoch 6 from offset 0 with partition epoch 6, high watermark 0, ISR [1], adding replicas [] and removing replicas [] . Previous leader Some(-1) and previous leader epoch was 5. (state.change.logger)
[2025-10-01 13:06:16,773] INFO [Broker id=1] Leader __consumer_offsets-11 with topic id Some(jPkbrKUvQu-yUm8CNxPurA) starts at leader epoch 6 from offset 452 with partition epoch 6, high watermark 452, ISR [1], adding replicas [] and removing replicas [] . Previous leader Some(-1) and previous leader epoch was 5. (state.change.logger)
[2025-10-01 13:06:16,777] INFO [Broker id=1] Leader __consumer_offsets-44 with topic id Some(jPkbrKUvQu-yUm8CNxPurA) starts at leader epoch 6 from offset 0 with partition epoch 6, high watermark 0, ISR [1], adding replicas [] and removing replicas [] . Previous leader Some(-1) and previous leader epoch was 5. (state.change.logger)
[2025-10-01 13:06:16,781] INFO [Broker id=1] Leader __consumer_offsets-23 with topic id Some(jPkbrKUvQu-yUm8CNxPurA) starts at leader epoch 6 from offset 0 with partition epoch 6, high watermark 0, ISR [1], adding replicas [] and removing replicas [] . Previous leader Some(-1) and previous leader epoch was 5. (state.change.logger)
[2025-10-01 13:06:16,786] INFO [Broker id=1] Leader __consumer_offsets-19 with topic id Some(jPkbrKUvQu-yUm8CNxPurA) starts at leader epoch 6 from offset 0 with partition epoch 6, high watermark 0, ISR [1], adding replicas [] and removing replicas [] . Previous leader Some(-1) and previous leader epoch was 5. (state.change.logger)
[2025-10-01 13:06:16,791] INFO [Broker id=1] Leader __consumer_offsets-32 with topic id Some(jPkbrKUvQu-yUm8CNxPurA) starts at leader epoch 6 from offset 453 with partition epoch 6, high watermark 453, ISR [1], adding replicas [] and removing replicas [] . Previous leader Some(-1) and previous leader epoch was 5. (state.change.logger)
[2025-10-01 13:06:16,795] INFO [Broker id=1] Leader __consumer_offsets-28 with topic id Some(jPkbrKUvQu-yUm8CNxPurA) starts at leader epoch 6 from offset 0 with partition epoch 6, high watermark 0, ISR [1], adding replicas [] and removing replicas [] . Previous leader Some(-1) and previous leader epoch was 5. (state.change.logger)
[2025-10-01 13:06:16,799] INFO [Broker id=1] Leader __consumer_offsets-7 with topic id Some(jPkbrKUvQu-yUm8CNxPurA) starts at leader epoch 6 from offset 0 with partition epoch 6, high watermark 0, ISR [1], adding replicas [] and removing replicas [] . Previous leader Some(-1) and previous leader epoch was 5. (state.change.logger)
[2025-10-01 13:06:16,803] INFO [Broker id=1] Leader __consumer_offsets-40 with topic id Some(jPkbrKUvQu-yUm8CNxPurA) starts at leader epoch 6 from offset 0 with partition epoch 6, high watermark 0, ISR [1], adding replicas [] and removing replicas [] . Previous leader Some(-1) and previous leader epoch was 5. (state.change.logger)
[2025-10-01 13:06:16,807] INFO [Broker id=1] Leader __consumer_offsets-3 with topic id Some(jPkbrKUvQu-yUm8CNxPurA) starts at leader epoch 6 from offset 454 with partition epoch 6, high watermark 454, ISR [1], adding replicas [] and removing replicas [] . Previous leader Some(-1) and previous leader epoch was 5. (state.change.logger)
[2025-10-01 13:06:16,811] INFO [Broker id=1] Leader __consumer_offsets-36 with topic id Some(jPkbrKUvQu-yUm8CNxPurA) starts at leader epoch 6 from offset 0 with partition epoch 6, high watermark 0, ISR [1], adding replicas [] and removing replicas [] . Previous leader Some(-1) and previous leader epoch was 5. (state.change.logger)
[2025-10-01 13:06:16,815] INFO [Broker id=1] Leader __consumer_offsets-47 with topic id Some(jPkbrKUvQu-yUm8CNxPurA) starts at leader epoch 6 from offset 0 with partition epoch 6, high watermark 0, ISR [1], adding replicas [] and removing replicas [] . Previous leader Some(-1) and previous leader epoch was 5. (state.change.logger)
[2025-10-01 13:06:16,820] INFO [Broker id=1] Leader __consumer_offsets-14 with topic id Some(jPkbrKUvQu-yUm8CNxPurA) starts at leader epoch 6 from offset 0 with partition epoch 6, high watermark 0, ISR [1], adding replicas [] and removing replicas [] . Previous leader Some(-1) and previous leader epoch was 5. (state.change.logger)
[2025-10-01 13:06:16,824] INFO [Broker id=1] Leader __consumer_offsets-43 with topic id Some(jPkbrKUvQu-yUm8CNxPurA) starts at leader epoch 6 from offset 0 with partition epoch 6, high watermark 0, ISR [1], adding replicas [] and removing replicas [] . Previous leader Some(-1) and previous leader epoch was 5. (state.change.logger)
[2025-10-01 13:06:16,827] INFO [Broker id=1] Leader __consumer_offsets-10 with topic id Some(jPkbrKUvQu-yUm8CNxPurA) starts at leader epoch 6 from offset 0 with partition epoch 6, high watermark 0, ISR [1], adding replicas [] and removing replicas [] . Previous leader Some(-1) and previous leader epoch was 5. (state.change.logger)
[2025-10-01 13:06:16,831] INFO [Broker id=1] Leader __consumer_offsets-22 with topic id Some(jPkbrKUvQu-yUm8CNxPurA) starts at leader epoch 6 from offset 454 with partition epoch 6, high watermark 454, ISR [1], adding replicas [] and removing replicas [] . Previous leader Some(-1) and previous leader epoch was 5. (state.change.logger)
[2025-10-01 13:06:16,836] INFO [Broker id=1] Leader __consumer_offsets-18 with topic id Some(jPkbrKUvQu-yUm8CNxPurA) starts at leader epoch 6 from offset 0 with partition epoch 6, high watermark 0, ISR [1], adding replicas [] and removing replicas [] . Previous leader Some(-1) and previous leader epoch was 5. (state.change.logger)
[2025-10-01 13:06:16,840] INFO [Broker id=1] Leader __consumer_offsets-31 with topic id Some(jPkbrKUvQu-yUm8CNxPurA) starts at leader epoch 6 from offset 0 with partition epoch 6, high watermark 0, ISR [1], adding replicas [] and removing replicas [] . Previous leader Some(-1) and previous leader epoch was 5. (state.change.logger)
[2025-10-01 13:06:16,842] INFO [Broker id=1] Leader behaviours.scored-0 with topic id Some(Ns1saxJ0SlC24SIwzIwcDg) starts at leader epoch 6 from offset 474 with partition epoch 6, high watermark 474, ISR [1], adding replicas [] and removing replicas [] . Previous leader Some(-1) and previous leader epoch was 5. (state.change.logger)
[2025-10-01 13:06:16,846] INFO [Broker id=1] Leader __consumer_offsets-27 with topic id Some(jPkbrKUvQu-yUm8CNxPurA) starts at leader epoch 6 from offset 0 with partition epoch 6, high watermark 0, ISR [1], adding replicas [] and removing replicas [] . Previous leader Some(-1) and previous leader epoch was 5. (state.change.logger)
[2025-10-01 13:06:16,852] INFO [Broker id=1] Leader behaviours.raw-0 with topic id Some(ImaLmBOIQnaYvkNuNViBFw) starts at leader epoch 6 from offset 473 with partition epoch 6, high watermark 473, ISR [1], adding replicas [] and removing replicas [] . Previous leader Some(-1) and previous leader epoch was 5. (state.change.logger)
[2025-10-01 13:06:16,857] INFO [Broker id=1] Leader __consumer_offsets-39 with topic id Some(jPkbrKUvQu-yUm8CNxPurA) starts at leader epoch 6 from offset 0 with partition epoch 6, high watermark 0, ISR [1], adding replicas [] and removing replicas [] . Previous leader Some(-1) and previous leader epoch was 5. (state.change.logger)
[2025-10-01 13:06:16,860] INFO [Broker id=1] Leader __consumer_offsets-6 with topic id Some(jPkbrKUvQu-yUm8CNxPurA) starts at leader epoch 6 from offset 0 with partition epoch 6, high watermark 0, ISR [1], adding replicas [] and removing replicas [] . Previous leader Some(-1) and previous leader epoch was 5. (state.change.logger)
[2025-10-01 13:06:16,865] INFO [Broker id=1] Leader __consumer_offsets-35 with topic id Some(jPkbrKUvQu-yUm8CNxPurA) starts at leader epoch 6 from offset 0 with partition epoch 6, high watermark 0, ISR [1], adding replicas [] and removing replicas [] . Previous leader Some(-1) and previous leader epoch was 5. (state.change.logger)
[2025-10-01 13:06:16,868] INFO [Broker id=1] Leader transactions.scored-0 with topic id Some(0W5DZL3wQsqHsGGxBeJFtA) starts at leader epoch 6 from offset 472 with partition epoch 6, high watermark 472, ISR [1], adding replicas [] and removing replicas [] . Previous leader Some(-1) and previous leader epoch was 5. (state.change.logger)
[2025-10-01 13:06:16,873] INFO [Broker id=1] Leader __consumer_offsets-2 with topic id Some(jPkbrKUvQu-yUm8CNxPurA) starts at leader epoch 6 from offset 0 with partition epoch 6, high watermark 0, ISR [1], adding replicas [] and removing replicas [] . Previous leader Some(-1) and previous leader epoch was 5. (state.change.logger)
[2025-10-01 13:22:40,418] INFO [Broker id=1] Transitioning 54 partition(s) to local followers. (state.change.logger)
[2025-10-01 13:22:40,421] INFO [Broker id=1] Follower transactions.raw-0 starts at leader epoch 7 from offset 663 with partition epoch 7 and high watermark 663. Current leader is -1. Previous leader Some(-1) and previous leader epoch was 7. (state.change.logger)
[2025-10-01 13:22:40,421] INFO [Broker id=1] Follower __consumer_offsets-13 starts at leader epoch 7 from offset 0 with partition epoch 7 and high watermark 0. Current leader is -1. Previous leader Some(-1) and previous leader epoch was 7. (state.change.logger)
[2025-10-01 13:22:40,421] INFO [Broker id=1] Follower __consumer_offsets-46 starts at leader epoch 7 from offset 0 with partition epoch 7 and high watermark 0. Current leader is -1. Previous leader Some(-1) and previous leader epoch was 7. (state.change.logger)
[2025-10-01 13:22:40,421] INFO [Broker id=1] Follower __consumer_offsets-9 starts at leader epoch 7 from offset 0 with partition epoch 7 and high watermark 0. Current leader is -1. Previous leader Some(-1) and previous leader epoch was 7. (state.change.logger)
[2025-10-01 13:22:40,421] INFO [Broker id=1] Follower __consumer_offsets-42 starts at leader epoch 7 from offset 0 with partition epoch 7 and high watermark 0. Current leader is -1. Previous leader Some(-1) and previous leader epoch was 7. (state.change.logger)
[2025-10-01 13:22:40,421] INFO [Broker id=1] Follower __consumer_offsets-21 starts at leader epoch 7 from offset 0 with partition epoch 7 and high watermark 0. Current leader is -1. Previous leader Some(-1) and previous leader epoch was 7. (state.change.logger)
[2025-10-01 13:22:40,421] INFO [Broker id=1] Follower __consumer_offsets-17 starts at leader epoch 7 from offset 0 with partition epoch 7 and high watermark 0. Current leader is -1. Previous leader Some(-1) and previous leader epoch was 7. (state.change.logger)
[2025-10-01 13:22:40,421] INFO [Broker id=1] Follower __consumer_offsets-30 starts at leader epoch 7 from offset 0 with partition epoch 7 and high watermark 0. Current leader is -1. Previous leader Some(-1) and previous leader epoch was 7. (state.change.logger)
[2025-10-01 13:22:40,422] INFO [Broker id=1] Follower __consumer_offsets-26 starts at leader epoch 7 from offset 0 with partition epoch 7 and high watermark 0. Current leader is -1. Previous leader Some(-1) and previous leader epoch was 7. (state.change.logger)
[2025-10-01 13:22:40,422] INFO [Broker id=1] Follower __consumer_offsets-5 starts at leader epoch 7 from offset 0 with partition epoch 7 and high watermark 0. Current leader is -1. Previous leader Some(-1) and previous leader epoch was 7. (state.change.logger)
[2025-10-01 13:22:40,422] INFO [Broker id=1] Follower __consumer_offsets-38 starts at leader epoch 7 from offset 0 with partition epoch 7 and high watermark 0. Current leader is -1. Previous leader Some(-1) and previous leader epoch was 7. (state.change.logger)
[2025-10-01 13:22:40,422] INFO [Broker id=1] Follower __consumer_offsets-1 starts at leader epoch 7 from offset 0 with partition epoch 7 and high watermark 0. Current leader is -1. Previous leader Some(-1) and previous leader epoch was 7. (state.change.logger)
[2025-10-01 13:22:40,422] INFO [Broker id=1] Follower __consumer_offsets-34 starts at leader epoch 7 from offset 0 with partition epoch 7 and high watermark 0. Current leader is -1. Previous leader Some(-1) and previous leader epoch was 7. (state.change.logger)
[2025-10-01 13:22:40,422] INFO [Broker id=1] Follower __consumer_offsets-16 starts at leader epoch 7 from offset 0 with partition epoch 7 and high watermark 0. Current leader is -1. Previous leader Some(-1) and previous leader epoch was 7. (state.change.logger)
[2025-10-01 13:22:40,422] INFO [Broker id=1] Follower __consumer_offsets-45 starts at leader epoch 7 from offset 0 with partition epoch 7 and high watermark 0. Current leader is -1. Previous leader Some(-1) and previous leader epoch was 7. (state.change.logger)
[2025-10-01 13:22:40,422] INFO [Broker id=1] Follower __consumer_offsets-12 starts at leader epoch 7 from offset 0 with partition epoch 7 and high watermark 0. Current leader is -1. Previous leader Some(-1) and previous leader epoch was 7. (state.change.logger)
[2025-10-01 13:22:40,422] INFO [Broker id=1] Follower __consumer_offsets-41 starts at leader epoch 7 from offset 0 with partition epoch 7 and high watermark 0. Current leader is -1. Previous leader Some(-1) and previous leader epoch was 7. (state.change.logger)
[2025-10-01 13:22:40,422] INFO [Broker id=1] Follower __consumer_offsets-24 starts at leader epoch 7 from offset 0 with partition epoch 7 and high watermark 0. Current leader is -1. Previous leader Some(-1) and previous leader epoch was 7. (state.change.logger)
[2025-10-01 13:22:40,422] INFO [Broker id=1] Follower __consumer_offsets-20 starts at leader epoch 7 from offset 0 with partition epoch 7 and high watermark 0. Current leader is -1. Previous leader Some(-1) and previous leader epoch was 7. (state.change.logger)
[2025-10-01 13:22:40,422] INFO [Broker id=1] Follower __consumer_offsets-49 starts at leader epoch 7 from offset 0 with partition epoch 7 and high watermark 0. Current leader is -1. Previous leader Some(-1) and previous leader epoch was 7. (state.change.logger)
[2025-10-01 13:22:40,422] INFO [Broker id=1] Follower __consumer_offsets-0 starts at leader epoch 7 from offset 0 with partition epoch 7 and high watermark 0. Current leader is -1. Previous leader Some(-1) and previous leader epoch was 7. (state.change.logger)
[2025-10-01 13:22:40,422] INFO [Broker id=1] Follower __consumer_offsets-29 starts at leader epoch 7 from offset 645 with partition epoch 7 and high watermark 645. Current leader is -1. Previous leader Some(-1) and previous leader epoch was 7. (state.change.logger)
[2025-10-01 13:22:40,422] INFO [Broker id=1] Follower __consumer_offsets-25 starts at leader epoch 7 from offset 0 with partition epoch 7 and high watermark 0. Current leader is -1. Previous leader Some(-1) and previous leader epoch was 7. (state.change.logger)
[2025-10-01 13:22:40,422] INFO [Broker id=1] Follower __consumer_offsets-8 starts at leader epoch 7 from offset 0 with partition epoch 7 and high watermark 0. Current leader is -1. Previous leader Some(-1) and previous leader epoch was 7. (state.change.logger)
[2025-10-01 13:22:40,422] INFO [Broker id=1] Follower __consumer_offsets-37 starts at leader epoch 7 from offset 0 with partition epoch 7 and high watermark 0. Current leader is -1. Previous leader Some(-1) and previous leader epoch was 7. (state.change.logger)
[2025-10-01 13:22:40,422] INFO [Broker id=1] Follower __consumer_offsets-4 starts at leader epoch 7 from offset 643 with partition epoch 7 and high watermark 643. Current leader is -1. Previous leader Some(-1) and previous leader epoch was 7. (state.change.logger)
[2025-10-01 13:22:40,422] INFO [Broker id=1] Follower __consumer_offsets-33 starts at leader epoch 7 from offset 0 with partition epoch 7 and high watermark 0. Current leader is -1. Previous leader Some(-1) and previous leader epoch was 7. (state.change.logger)
[2025-10-01 13:22:40,422] INFO [Broker id=1] Follower __consumer_offsets-15 starts at leader epoch 7 from offset 0 with partition epoch 7 and high watermark 0. Current leader is -1. Previous leader Some(-1) and previous leader epoch was 7. (state.change.logger)
[2025-10-01 13:22:40,422] INFO [Broker id=1] Follower __consumer_offsets-48 starts at leader epoch 7 from offset 0 with partition epoch 7 and high watermark 0. Current leader is -1. Previous leader Some(-1) and previous leader epoch was 7. (state.change.logger)
[2025-10-01 13:22:40,422] INFO [Broker id=1] Follower __consumer_offsets-11 starts at leader epoch 7 from offset 640 with partition epoch 7 and high watermark 640. Current leader is -1. Previous leader Some(-1) and previous leader epoch was 7. (state.change.logger)
[2025-10-01 13:22:40,422] INFO [Broker id=1] Follower __consumer_offsets-44 starts at leader epoch 7 from offset 0 with partition epoch 7 and high watermark 0. Current leader is -1. Previous leader Some(-1) and previous leader epoch was 7. (state.change.logger)
[2025-10-01 13:22:40,422] INFO [Broker id=1] Follower __consumer_offsets-23 starts at leader epoch 7 from offset 0 with partition epoch 7 and high watermark 0. Current leader is -1. Previous leader Some(-1) and previous leader epoch was 7. (state.change.logger)
[2025-10-01 13:22:40,422] INFO [Broker id=1] Follower __consumer_offsets-19 starts at leader epoch 7 from offset 0 with partition epoch 7 and high watermark 0. Current leader is -1. Previous leader Some(-1) and previous leader epoch was 7. (state.change.logger)
[2025-10-01 13:22:40,422] INFO [Broker id=1] Follower __consumer_offsets-32 starts at leader epoch 7 from offset 642 with partition epoch 7 and high watermark 642. Current leader is -1. Previous leader Some(-1) and previous leader epoch was 7. (state.change.logger)
[2025-10-01 13:22:40,423] INFO [Broker id=1] Follower __consumer_offsets-28 starts at leader epoch 7 from offset 0 with partition epoch 7 and high watermark 0. Current leader is -1. Previous leader Some(-1) and previous leader epoch was 7. (state.change.logger)
[2025-10-01 13:22:40,423] INFO [Broker id=1] Follower __consumer_offsets-7 starts at leader epoch 7 from offset 0 with partition epoch 7 and high watermark 0. Current leader is -1. Previous leader Some(-1) and previous leader epoch was 7. (state.change.logger)
[2025-10-01 13:22:40,423] INFO [Broker id=1] Follower __consumer_offsets-40 starts at leader epoch 7 from offset 0 with partition epoch 7 and high watermark 0. Current leader is -1. Previous leader Some(-1) and previous leader epoch was 7. (state.change.logger)
[2025-10-01 13:22:40,423] INFO [Broker id=1] Follower __consumer_offsets-3 starts at leader epoch 7 from offset 634 with partition epoch 7 and high watermark 634. Current leader is -1. Previous leader Some(-1) and previous leader epoch was 7. (state.change.logger)
[2025-10-01 13:22:40,423] INFO [Broker id=1] Follower __consumer_offsets-36 starts at leader epoch 7 from offset 0 with partition epoch 7 and high watermark 0. Current leader is -1. Previous leader Some(-1) and previous leader epoch was 7. (state.change.logger)
[2025-10-01 13:22:40,423] INFO [Broker id=1] Follower __consumer_offsets-47 starts at leader epoch 7 from offset 0 with partition epoch 7 and high watermark 0. Current leader is -1. Previous leader Some(-1) and previous leader epoch was 7. (state.change.logger)
[2025-10-01 13:22:40,423] INFO [Broker id=1] Follower __consumer_offsets-14 starts at leader epoch 7 from offset 0 with partition epoch 7 and high watermark 0. Current leader is -1. Previous leader Some(-1) and previous leader epoch was 7. (state.change.logger)
[2025-10-01 13:22:40,423] INFO [Broker id=1] Follower __consumer_offsets-43 starts at leader epoch 7 from offset 0 with partition epoch 7 and high watermark 0. Current leader is -1. Previous leader Some(-1) and previous leader epoch was 7. (state.change.logger)
[2025-10-01 13:22:40,423] INFO [Broker id=1] Follower __consumer_offsets-10 starts at leader epoch 7 from offset 0 with partition epoch 7 and high watermark 0. Current leader is -1. Previous leader Some(-1) and previous leader epoch was 7. (state.change.logger)
[2025-10-01 13:22:40,423] INFO [Broker id=1] Follower __consumer_offsets-22 starts at leader epoch 7 from offset 633 with partition epoch 7 and high watermark 633. Current leader is -1. Previous leader Some(-1) and previous leader epoch was 7. (state.change.logger)
[2025-10-01 13:22:40,423] INFO [Broker id=1] Follower __consumer_offsets-18 starts at leader epoch 7 from offset 0 with partition epoch 7 and high watermark 0. Current leader is -1. Previous leader Some(-1) and previous leader epoch was 7. (state.change.logger)
[2025-10-01 13:22:40,423] INFO [Broker id=1] Follower __consumer_offsets-31 starts at leader epoch 7 from offset 0 with partition epoch 7 and high watermark 0. Current leader is -1. Previous leader Some(-1) and previous leader epoch was 7. (state.change.logger)
[2025-10-01 13:22:40,423] INFO [Broker id=1] Follower behaviours.scored-0 starts at leader epoch 7 from offset 663 with partition epoch 7 and high watermark 663. Current leader is -1. Previous leader Some(-1) and previous leader epoch was 7. (state.change.logger)
[2025-10-01 13:22:40,423] INFO [Broker id=1] Follower __consumer_offsets-27 starts at leader epoch 7 from offset 0 with partition epoch 7 and high watermark 0. Current leader is -1. Previous leader Some(-1) and previous leader epoch was 7. (state.change.logger)
[2025-10-01 13:22:40,423] INFO [Broker id=1] Follower behaviours.raw-0 starts at leader epoch 7 from offset 663 with partition epoch 7 and high watermark 663. Current leader is -1. Previous leader Some(-1) and previous leader epoch was 7. (state.change.logger)
[2025-10-01 13:22:40,423] INFO [Broker id=1] Follower __consumer_offsets-39 starts at leader epoch 7 from offset 0 with partition epoch 7 and high watermark 0. Current leader is -1. Previous leader Some(-1) and previous leader epoch was 7. (state.change.logger)
[2025-10-01 13:22:40,423] INFO [Broker id=1] Follower __consumer_offsets-6 starts at leader epoch 7 from offset 0 with partition epoch 7 and high watermark 0. Current leader is -1. Previous leader Some(-1) and previous leader epoch was 7. (state.change.logger)
[2025-10-01 13:22:40,423] INFO [Broker id=1] Follower __consumer_offsets-35 starts at leader epoch 7 from offset 0 with partition epoch 7 and high watermark 0. Current leader is -1. Previous leader Some(-1) and previous leader epoch was 7. (state.change.logger)
[2025-10-01 13:22:40,423] INFO [Broker id=1] Follower transactions.scored-0 starts at leader epoch 7 from offset 664 with partition epoch 7 and high watermark 664. Current leader is -1. Previous leader Some(-1) and previous leader epoch was 7. (state.change.logger)
[2025-10-01 13:22:40,423] INFO [Broker id=1] Follower __consumer_offsets-2 starts at leader epoch 7 from offset 0 with partition epoch 7 and high watermark 0. Current leader is -1. Previous leader Some(-1) and previous leader epoch was 7. (state.change.logger)
[2025-10-01 13:22:40,426] INFO [Broker id=1] Stopped fetchers as part of controlled shutdown for 54 partitions (state.change.logger)
[2025-10-01 13:22:44,062] INFO [Broker id=1] Transitioning 54 partition(s) to local followers. (state.change.logger)
[2025-10-01 13:22:44,065] INFO [Broker id=1] Creating new partition transactions.raw-0 with topic id griWkQMMQomcNBw-GqhKFQ. (state.change.logger)
[2025-10-01 13:22:44,079] INFO [Broker id=1] Follower transactions.raw-0 starts at leader epoch 7 from offset 663 with partition epoch 7 and high watermark 663. Current leader is -1. Previous leader Some(-1) and previous leader epoch was 7. (state.change.logger)
[2025-10-01 13:22:44,079] INFO [Broker id=1] Creating new partition __consumer_offsets-13 with topic id jPkbrKUvQu-yUm8CNxPurA. (state.change.logger)
[2025-10-01 13:22:44,080] INFO [Broker id=1] Follower __consumer_offsets-13 starts at leader epoch 7 from offset 0 with partition epoch 7 and high watermark 0. Current leader is -1. Previous leader Some(-1) and previous leader epoch was 7. (state.change.logger)
[2025-10-01 13:22:44,080] INFO [Broker id=1] Creating new partition __consumer_offsets-46 with topic id jPkbrKUvQu-yUm8CNxPurA. (state.change.logger)
[2025-10-01 13:22:44,081] INFO [Broker id=1] Follower __consumer_offsets-46 starts at leader epoch 7 from offset 0 with partition epoch 7 and high watermark 0. Current leader is -1. Previous leader Some(-1) and previous leader epoch was 7. (state.change.logger)
[2025-10-01 13:22:44,081] INFO [Broker id=1] Creating new partition __consumer_offsets-9 with topic id jPkbrKUvQu-yUm8CNxPurA. (state.change.logger)
[2025-10-01 13:22:44,081] INFO [Broker id=1] Follower __consumer_offsets-9 starts at leader epoch 7 from offset 0 with partition epoch 7 and high watermark 0. Current leader is -1. Previous leader Some(-1) and previous leader epoch was 7. (state.change.logger)
[2025-10-01 13:22:44,081] INFO [Broker id=1] Creating new partition __consumer_offsets-42 with topic id jPkbrKUvQu-yUm8CNxPurA. (state.change.logger)
[2025-10-01 13:22:44,082] INFO [Broker id=1] Follower __consumer_offsets-42 starts at leader epoch 7 from offset 0 with partition epoch 7 and high watermark 0. Current leader is -1. Previous leader Some(-1) and previous leader epoch was 7. (state.change.logger)
[2025-10-01 13:22:44,082] INFO [Broker id=1] Creating new partition __consumer_offsets-21 with topic id jPkbrKUvQu-yUm8CNxPurA. (state.change.logger)
[2025-10-01 13:22:44,082] INFO [Broker id=1] Follower __consumer_offsets-21 starts at leader epoch 7 from offset 0 with partition epoch 7 and high watermark 0. Current leader is -1. Previous leader Some(-1) and previous leader epoch was 7. (state.change.logger)
[2025-10-01 13:22:44,082] INFO [Broker id=1] Creating new partition __consumer_offsets-17 with topic id jPkbrKUvQu-yUm8CNxPurA. (state.change.logger)
[2025-10-01 13:22:44,082] INFO [Broker id=1] Follower __consumer_offsets-17 starts at leader epoch 7 from offset 0 with partition epoch 7 and high watermark 0. Current leader is -1. Previous leader Some(-1) and previous leader epoch was 7. (state.change.logger)
[2025-10-01 13:22:44,083] INFO [Broker id=1] Creating new partition __consumer_offsets-30 with topic id jPkbrKUvQu-yUm8CNxPurA. (state.change.logger)
[2025-10-01 13:22:44,083] INFO [Broker id=1] Follower __consumer_offsets-30 starts at leader epoch 7 from offset 0 with partition epoch 7 and high watermark 0. Current leader is -1. Previous leader Some(-1) and previous leader epoch was 7. (state.change.logger)
[2025-10-01 13:22:44,083] INFO [Broker id=1] Creating new partition __consumer_offsets-26 with topic id jPkbrKUvQu-yUm8CNxPurA. (state.change.logger)
[2025-10-01 13:22:44,083] INFO [Broker id=1] Follower __consumer_offsets-26 starts at leader epoch 7 from offset 0 with partition epoch 7 and high watermark 0. Current leader is -1. Previous leader Some(-1) and previous leader epoch was 7. (state.change.logger)
[2025-10-01 13:22:44,083] INFO [Broker id=1] Creating new partition __consumer_offsets-5 with topic id jPkbrKUvQu-yUm8CNxPurA. (state.change.logger)
[2025-10-01 13:22:44,084] INFO [Broker id=1] Follower __consumer_offsets-5 starts at leader epoch 7 from offset 0 with partition epoch 7 and high watermark 0. Current leader is -1. Previous leader Some(-1) and previous leader epoch was 7. (state.change.logger)
[2025-10-01 13:22:44,084] INFO [Broker id=1] Creating new partition __consumer_offsets-38 with topic id jPkbrKUvQu-yUm8CNxPurA. (state.change.logger)
[2025-10-01 13:22:44,084] INFO [Broker id=1] Follower __consumer_offsets-38 starts at leader epoch 7 from offset 0 with partition epoch 7 and high watermark 0. Current leader is -1. Previous leader Some(-1) and previous leader epoch was 7. (state.change.logger)
[2025-10-01 13:22:44,084] INFO [Broker id=1] Creating new partition __consumer_offsets-1 with topic id jPkbrKUvQu-yUm8CNxPurA. (state.change.logger)
[2025-10-01 13:22:44,085] INFO [Broker id=1] Follower __consumer_offsets-1 starts at leader epoch 7 from offset 0 with partition epoch 7 and high watermark 0. Current leader is -1. Previous leader Some(-1) and previous leader epoch was 7. (state.change.logger)
[2025-10-01 13:22:44,085] INFO [Broker id=1] Creating new partition __consumer_offsets-34 with topic id jPkbrKUvQu-yUm8CNxPurA. (state.change.logger)
[2025-10-01 13:22:44,085] INFO [Broker id=1] Follower __consumer_offsets-34 starts at leader epoch 7 from offset 0 with partition epoch 7 and high watermark 0. Current leader is -1. Previous leader Some(-1) and previous leader epoch was 7. (state.change.logger)
[2025-10-01 13:22:44,085] INFO [Broker id=1] Creating new partition __consumer_offsets-16 with topic id jPkbrKUvQu-yUm8CNxPurA. (state.change.logger)
[2025-10-01 13:22:44,085] INFO [Broker id=1] Follower __consumer_offsets-16 starts at leader epoch 7 from offset 0 with partition epoch 7 and high watermark 0. Current leader is -1. Previous leader Some(-1) and previous leader epoch was 7. (state.change.logger)
[2025-10-01 13:22:44,085] INFO [Broker id=1] Creating new partition __consumer_offsets-45 with topic id jPkbrKUvQu-yUm8CNxPurA. (state.change.logger)
[2025-10-01 13:22:44,085] INFO [Broker id=1] Follower __consumer_offsets-45 starts at leader epoch 7 from offset 0 with partition epoch 7 and high watermark 0. Current leader is -1. Previous leader Some(-1) and previous leader epoch was 7. (state.change.logger)
[2025-10-01 13:22:44,085] INFO [Broker id=1] Creating new partition __consumer_offsets-12 with topic id jPkbrKUvQu-yUm8CNxPurA. (state.change.logger)
[2025-10-01 13:22:44,086] INFO [Broker id=1] Follower __consumer_offsets-12 starts at leader epoch 7 from offset 0 with partition epoch 7 and high watermark 0. Current leader is -1. Previous leader Some(-1) and previous leader epoch was 7. (state.change.logger)
[2025-10-01 13:22:44,086] INFO [Broker id=1] Creating new partition __consumer_offsets-41 with topic id jPkbrKUvQu-yUm8CNxPurA. (state.change.logger)
[2025-10-01 13:22:44,086] INFO [Broker id=1] Follower __consumer_offsets-41 starts at leader epoch 7 from offset 0 with partition epoch 7 and high watermark 0. Current leader is -1. Previous leader Some(-1) and previous leader epoch was 7. (state.change.logger)
[2025-10-01 13:22:44,086] INFO [Broker id=1] Creating new partition __consumer_offsets-24 with topic id jPkbrKUvQu-yUm8CNxPurA. (state.change.logger)
[2025-10-01 13:22:44,086] INFO [Broker id=1] Follower __consumer_offsets-24 starts at leader epoch 7 from offset 0 with partition epoch 7 and high watermark 0. Current leader is -1. Previous leader Some(-1) and previous leader epoch was 7. (state.change.logger)
[2025-10-01 13:22:44,086] INFO [Broker id=1] Creating new partition __consumer_offsets-20 with topic id jPkbrKUvQu-yUm8CNxPurA. (state.change.logger)
[2025-10-01 13:22:44,086] INFO [Broker id=1] Follower __consumer_offsets-20 starts at leader epoch 7 from offset 0 with partition epoch 7 and high watermark 0. Current leader is -1. Previous leader Some(-1) and previous leader epoch was 7. (state.change.logger)
[2025-10-01 13:22:44,086] INFO [Broker id=1] Creating new partition __consumer_offsets-49 with topic id jPkbrKUvQu-yUm8CNxPurA. (state.change.logger)
[2025-10-01 13:22:44,087] INFO [Broker id=1] Follower __consumer_offsets-49 starts at leader epoch 7 from offset 0 with partition epoch 7 and high watermark 0. Current leader is -1. Previous leader Some(-1) and previous leader epoch was 7. (state.change.logger)
[2025-10-01 13:22:44,087] INFO [Broker id=1] Creating new partition __consumer_offsets-0 with topic id jPkbrKUvQu-yUm8CNxPurA. (state.change.logger)
[2025-10-01 13:22:44,087] INFO [Broker id=1] Follower __consumer_offsets-0 starts at leader epoch 7 from offset 0 with partition epoch 7 and high watermark 0. Current leader is -1. Previous leader Some(-1) and previous leader epoch was 7. (state.change.logger)
[2025-10-01 13:22:44,087] INFO [Broker id=1] Creating new partition __consumer_offsets-29 with topic id jPkbrKUvQu-yUm8CNxPurA. (state.change.logger)
[2025-10-01 13:22:44,087] INFO [Broker id=1] Follower __consumer_offsets-29 starts at leader epoch 7 from offset 645 with partition epoch 7 and high watermark 645. Current leader is -1. Previous leader Some(-1) and previous leader epoch was 7. (state.change.logger)
[2025-10-01 13:22:44,087] INFO [Broker id=1] Creating new partition __consumer_offsets-25 with topic id jPkbrKUvQu-yUm8CNxPurA. (state.change.logger)
[2025-10-01 13:22:44,087] INFO [Broker id=1] Follower __consumer_offsets-25 starts at leader epoch 7 from offset 0 with partition epoch 7 and high watermark 0. Current leader is -1. Previous leader Some(-1) and previous leader epoch was 7. (state.change.logger)
[2025-10-01 13:22:44,088] INFO [Broker id=1] Creating new partition __consumer_offsets-8 with topic id jPkbrKUvQu-yUm8CNxPurA. (state.change.logger)
[2025-10-01 13:22:44,088] INFO [Broker id=1] Follower __consumer_offsets-8 starts at leader epoch 7 from offset 0 with partition epoch 7 and high watermark 0. Current leader is -1. Previous leader Some(-1) and previous leader epoch was 7. (state.change.logger)
[2025-10-01 13:22:44,088] INFO [Broker id=1] Creating new partition __consumer_offsets-37 with topic id jPkbrKUvQu-yUm8CNxPurA. (state.change.logger)
[2025-10-01 13:22:44,088] INFO [Broker id=1] Follower __consumer_offsets-37 starts at leader epoch 7 from offset 0 with partition epoch 7 and high watermark 0. Current leader is -1. Previous leader Some(-1) and previous leader epoch was 7. (state.change.logger)
[2025-10-01 13:22:44,088] INFO [Broker id=1] Creating new partition __consumer_offsets-4 with topic id jPkbrKUvQu-yUm8CNxPurA. (state.change.logger)
[2025-10-01 13:22:44,089] INFO [Broker id=1] Follower __consumer_offsets-4 starts at leader epoch 7 from offset 643 with partition epoch 7 and high watermark 643. Current leader is -1. Previous leader Some(-1) and previous leader epoch was 7. (state.change.logger)
[2025-10-01 13:22:44,089] INFO [Broker id=1] Creating new partition __consumer_offsets-33 with topic id jPkbrKUvQu-yUm8CNxPurA. (state.change.logger)
[2025-10-01 13:22:44,090] INFO [Broker id=1] Follower __consumer_offsets-33 starts at leader epoch 7 from offset 0 with partition epoch 7 and high watermark 0. Current leader is -1. Previous leader Some(-1) and previous leader epoch was 7. (state.change.logger)
[2025-10-01 13:22:44,090] INFO [Broker id=1] Creating new partition __consumer_offsets-15 with topic id jPkbrKUvQu-yUm8CNxPurA. (state.change.logger)
[2025-10-01 13:22:44,090] INFO [Broker id=1] Follower __consumer_offsets-15 starts at leader epoch 7 from offset 0 with partition epoch 7 and high watermark 0. Current leader is -1. Previous leader Some(-1) and previous leader epoch was 7. (state.change.logger)
[2025-10-01 13:22:44,090] INFO [Broker id=1] Creating new partition __consumer_offsets-48 with topic id jPkbrKUvQu-yUm8CNxPurA. (state.change.logger)
[2025-10-01 13:22:44,091] INFO [Broker id=1] Follower __consumer_offsets-48 starts at leader epoch 7 from offset 0 with partition epoch 7 and high watermark 0. Current leader is -1. Previous leader Some(-1) and previous leader epoch was 7. (state.change.logger)
[2025-10-01 13:22:44,091] INFO [Broker id=1] Creating new partition __consumer_offsets-11 with topic id jPkbrKUvQu-yUm8CNxPurA. (state.change.logger)
[2025-10-01 13:22:44,091] INFO [Broker id=1] Follower __consumer_offsets-11 starts at leader epoch 7 from offset 640 with partition epoch 7 and high watermark 640. Current leader is -1. Previous leader Some(-1) and previous leader epoch was 7. (state.change.logger)
[2025-10-01 13:22:44,091] INFO [Broker id=1] Creating new partition __consumer_offsets-44 with topic id jPkbrKUvQu-yUm8CNxPurA. (state.change.logger)
[2025-10-01 13:22:44,091] INFO [Broker id=1] Follower __consumer_offsets-44 starts at leader epoch 7 from offset 0 with partition epoch 7 and high watermark 0. Current leader is -1. Previous leader Some(-1) and previous leader epoch was 7. (state.change.logger)
[2025-10-01 13:22:44,091] INFO [Broker id=1] Creating new partition __consumer_offsets-23 with topic id jPkbrKUvQu-yUm8CNxPurA. (state.change.logger)
[2025-10-01 13:22:44,092] INFO [Broker id=1] Follower __consumer_offsets-23 starts at leader epoch 7 from offset 0 with partition epoch 7 and high watermark 0. Current leader is -1. Previous leader Some(-1) and previous leader epoch was 7. (state.change.logger)
[2025-10-01 13:22:44,092] INFO [Broker id=1] Creating new partition __consumer_offsets-19 with topic id jPkbrKUvQu-yUm8CNxPurA. (state.change.logger)
[2025-10-01 13:22:44,093] INFO [Broker id=1] Follower __consumer_offsets-19 starts at leader epoch 7 from offset 0 with partition epoch 7 and high watermark 0. Current leader is -1. Previous leader Some(-1) and previous leader epoch was 7. (state.change.logger)
[2025-10-01 13:22:44,093] INFO [Broker id=1] Creating new partition __consumer_offsets-32 with topic id jPkbrKUvQu-yUm8CNxPurA. (state.change.logger)
[2025-10-01 13:22:44,093] INFO [Broker id=1] Follower __consumer_offsets-32 starts at leader epoch 7 from offset 642 with partition epoch 7 and high watermark 642. Current leader is -1. Previous leader Some(-1) and previous leader epoch was 7. (state.change.logger)
[2025-10-01 13:22:44,093] INFO [Broker id=1] Creating new partition __consumer_offsets-28 with topic id jPkbrKUvQu-yUm8CNxPurA. (state.change.logger)
[2025-10-01 13:22:44,094] INFO [Broker id=1] Follower __consumer_offsets-28 starts at leader epoch 7 from offset 0 with partition epoch 7 and high watermark 0. Current leader is -1. Previous leader Some(-1) and previous leader epoch was 7. (state.change.logger)
[2025-10-01 13:22:44,094] INFO [Broker id=1] Creating new partition __consumer_offsets-7 with topic id jPkbrKUvQu-yUm8CNxPurA. (state.change.logger)
[2025-10-01 13:22:44,094] INFO [Broker id=1] Follower __consumer_offsets-7 starts at leader epoch 7 from offset 0 with partition epoch 7 and high watermark 0. Current leader is -1. Previous leader Some(-1) and previous leader epoch was 7. (state.change.logger)
[2025-10-01 13:22:44,094] INFO [Broker id=1] Creating new partition __consumer_offsets-40 with topic id jPkbrKUvQu-yUm8CNxPurA. (state.change.logger)
[2025-10-01 13:22:44,095] INFO [Broker id=1] Follower __consumer_offsets-40 starts at leader epoch 7 from offset 0 with partition epoch 7 and high watermark 0. Current leader is -1. Previous leader Some(-1) and previous leader epoch was 7. (state.change.logger)
[2025-10-01 13:22:44,095] INFO [Broker id=1] Creating new partition __consumer_offsets-3 with topic id jPkbrKUvQu-yUm8CNxPurA. (state.change.logger)
[2025-10-01 13:22:44,095] INFO [Broker id=1] Follower __consumer_offsets-3 starts at leader epoch 7 from offset 634 with partition epoch 7 and high watermark 634. Current leader is -1. Previous leader Some(-1) and previous leader epoch was 7. (state.change.logger)
[2025-10-01 13:22:44,095] INFO [Broker id=1] Creating new partition __consumer_offsets-36 with topic id jPkbrKUvQu-yUm8CNxPurA. (state.change.logger)
[2025-10-01 13:22:44,096] INFO [Broker id=1] Follower __consumer_offsets-36 starts at leader epoch 7 from offset 0 with partition epoch 7 and high watermark 0. Current leader is -1. Previous leader Some(-1) and previous leader epoch was 7. (state.change.logger)
[2025-10-01 13:22:44,096] INFO [Broker id=1] Creating new partition __consumer_offsets-47 with topic id jPkbrKUvQu-yUm8CNxPurA. (state.change.logger)
[2025-10-01 13:22:44,097] INFO [Broker id=1] Follower __consumer_offsets-47 starts at leader epoch 7 from offset 0 with partition epoch 7 and high watermark 0. Current leader is -1. Previous leader Some(-1) and previous leader epoch was 7. (state.change.logger)
[2025-10-01 13:22:44,097] INFO [Broker id=1] Creating new partition __consumer_offsets-14 with topic id jPkbrKUvQu-yUm8CNxPurA. (state.change.logger)
[2025-10-01 13:22:44,097] INFO [Broker id=1] Follower __consumer_offsets-14 starts at leader epoch 7 from offset 0 with partition epoch 7 and high watermark 0. Current leader is -1. Previous leader Some(-1) and previous leader epoch was 7. (state.change.logger)
[2025-10-01 13:22:44,097] INFO [Broker id=1] Creating new partition __consumer_offsets-43 with topic id jPkbrKUvQu-yUm8CNxPurA. (state.change.logger)
[2025-10-01 13:22:44,097] INFO [Broker id=1] Follower __consumer_offsets-43 starts at leader epoch 7 from offset 0 with partition epoch 7 and high watermark 0. Current leader is -1. Previous leader Some(-1) and previous leader epoch was 7. (state.change.logger)
[2025-10-01 13:22:44,097] INFO [Broker id=1] Creating new partition __consumer_offsets-10 with topic id jPkbrKUvQu-yUm8CNxPurA. (state.change.logger)
[2025-10-01 13:22:44,097] INFO [Broker id=1] Follower __consumer_offsets-10 starts at leader epoch 7 from offset 0 with partition epoch 7 and high watermark 0. Current leader is -1. Previous leader Some(-1) and previous leader epoch was 7. (state.change.logger)
[2025-10-01 13:22:44,097] INFO [Broker id=1] Creating new partition __consumer_offsets-22 with topic id jPkbrKUvQu-yUm8CNxPurA. (state.change.logger)
[2025-10-01 13:22:44,098] INFO [Broker id=1] Follower __consumer_offsets-22 starts at leader epoch 7 from offset 633 with partition epoch 7 and high watermark 633. Current leader is -1. Previous leader Some(-1) and previous leader epoch was 7. (state.change.logger)
[2025-10-01 13:22:44,098] INFO [Broker id=1] Creating new partition __consumer_offsets-18 with topic id jPkbrKUvQu-yUm8CNxPurA. (state.change.logger)
[2025-10-01 13:22:44,098] INFO [Broker id=1] Follower __consumer_offsets-18 starts at leader epoch 7 from offset 0 with partition epoch 7 and high watermark 0. Current leader is -1. Previous leader Some(-1) and previous leader epoch was 7. (state.change.logger)
[2025-10-01 13:22:44,098] INFO [Broker id=1] Creating new partition __consumer_offsets-31 with topic id jPkbrKUvQu-yUm8CNxPurA. (state.change.logger)
[2025-10-01 13:22:44,098] INFO [Broker id=1] Follower __consumer_offsets-31 starts at leader epoch 7 from offset 0 with partition epoch 7 and high watermark 0. Current leader is -1. Previous leader Some(-1) and previous leader epoch was 7. (state.change.logger)
[2025-10-01 13:22:44,098] INFO [Broker id=1] Creating new partition behaviours.scored-0 with topic id Ns1saxJ0SlC24SIwzIwcDg. (state.change.logger)
[2025-10-01 13:22:44,098] INFO [Broker id=1] Follower behaviours.scored-0 starts at leader epoch 7 from offset 663 with partition epoch 7 and high watermark 663. Current leader is -1. Previous leader Some(-1) and previous leader epoch was 7. (state.change.logger)
[2025-10-01 13:22:44,098] INFO [Broker id=1] Creating new partition __consumer_offsets-27 with topic id jPkbrKUvQu-yUm8CNxPurA. (state.change.logger)
[2025-10-01 13:22:44,099] INFO [Broker id=1] Follower __consumer_offsets-27 starts at leader epoch 7 from offset 0 with partition epoch 7 and high watermark 0. Current leader is -1. Previous leader Some(-1) and previous leader epoch was 7. (state.change.logger)
[2025-10-01 13:22:44,099] INFO [Broker id=1] Creating new partition behaviours.raw-0 with topic id ImaLmBOIQnaYvkNuNViBFw. (state.change.logger)
[2025-10-01 13:22:44,099] INFO [Broker id=1] Follower behaviours.raw-0 starts at leader epoch 7 from offset 663 with partition epoch 7 and high watermark 663. Current leader is -1. Previous leader Some(-1) and previous leader epoch was 7. (state.change.logger)
[2025-10-01 13:22:44,099] INFO [Broker id=1] Creating new partition __consumer_offsets-39 with topic id jPkbrKUvQu-yUm8CNxPurA. (state.change.logger)
[2025-10-01 13:22:44,099] INFO [Broker id=1] Follower __consumer_offsets-39 starts at leader epoch 7 from offset 0 with partition epoch 7 and high watermark 0. Current leader is -1. Previous leader Some(-1) and previous leader epoch was 7. (state.change.logger)
[2025-10-01 13:22:44,099] INFO [Broker id=1] Creating new partition __consumer_offsets-6 with topic id jPkbrKUvQu-yUm8CNxPurA. (state.change.logger)
[2025-10-01 13:22:44,100] INFO [Broker id=1] Follower __consumer_offsets-6 starts at leader epoch 7 from offset 0 with partition epoch 7 and high watermark 0. Current leader is -1. Previous leader Some(-1) and previous leader epoch was 7. (state.change.logger)
[2025-10-01 13:22:44,100] INFO [Broker id=1] Creating new partition __consumer_offsets-35 with topic id jPkbrKUvQu-yUm8CNxPurA. (state.change.logger)
[2025-10-01 13:22:44,100] INFO [Broker id=1] Follower __consumer_offsets-35 starts at leader epoch 7 from offset 0 with partition epoch 7 and high watermark 0. Current leader is -1. Previous leader Some(-1) and previous leader epoch was 7. (state.change.logger)
[2025-10-01 13:22:44,100] INFO [Broker id=1] Creating new partition transactions.scored-0 with topic id 0W5DZL3wQsqHsGGxBeJFtA. (state.change.logger)
[2025-10-01 13:22:44,101] INFO [Broker id=1] Follower transactions.scored-0 starts at leader epoch 7 from offset 664 with partition epoch 7 and high watermark 664. Current leader is -1. Previous leader Some(-1) and previous leader epoch was 7. (state.change.logger)
[2025-10-01 13:22:44,101] INFO [Broker id=1] Creating new partition __consumer_offsets-2 with topic id jPkbrKUvQu-yUm8CNxPurA. (state.change.logger)
[2025-10-01 13:22:44,101] INFO [Broker id=1] Follower __consumer_offsets-2 starts at leader epoch 7 from offset 0 with partition epoch 7 and high watermark 0. Current leader is -1. Previous leader Some(-1) and previous leader epoch was 7. (state.change.logger)
[2025-10-01 13:22:44,102] INFO [Broker id=1] Stopped fetchers as part of become-follower for 54 partitions (state.change.logger)
[2025-10-01 13:22:44,105] INFO [Broker id=1] Started fetchers as part of become-follower for 54 partitions (state.change.logger)
[2025-10-01 13:22:44,248] INFO [Broker id=1] Transitioning 54 partition(s) to local leaders. (state.change.logger)
[2025-10-01 13:22:44,254] INFO [Broker id=1] Leader transactions.raw-0 with topic id Some(griWkQMMQomcNBw-GqhKFQ) starts at leader epoch 8 from offset 663 with partition epoch 8, high watermark 663, ISR [1], adding replicas [] and removing replicas [] . Previous leader Some(-1) and previous leader epoch was 7. (state.change.logger)
[2025-10-01 13:22:44,261] INFO [Broker id=1] Leader __consumer_offsets-13 with topic id Some(jPkbrKUvQu-yUm8CNxPurA) starts at leader epoch 8 from offset 0 with partition epoch 8, high watermark 0, ISR [1], adding replicas [] and removing replicas [] . Previous leader Some(-1) and previous leader epoch was 7. (state.change.logger)
[2025-10-01 13:22:44,265] INFO [Broker id=1] Leader __consumer_offsets-46 with topic id Some(jPkbrKUvQu-yUm8CNxPurA) starts at leader epoch 8 from offset 0 with partition epoch 8, high watermark 0, ISR [1], adding replicas [] and removing replicas [] . Previous leader Some(-1) and previous leader epoch was 7. (state.change.logger)
[2025-10-01 13:22:44,269] INFO [Broker id=1] Leader __consumer_offsets-9 with topic id Some(jPkbrKUvQu-yUm8CNxPurA) starts at leader epoch 8 from offset 0 with partition epoch 8, high watermark 0, ISR [1], adding replicas [] and removing replicas [] . Previous leader Some(-1) and previous leader epoch was 7. (state.change.logger)
[2025-10-01 13:22:44,273] INFO [Broker id=1] Leader __consumer_offsets-42 with topic id Some(jPkbrKUvQu-yUm8CNxPurA) starts at leader epoch 8 from offset 0 with partition epoch 8, high watermark 0, ISR [1], adding replicas [] and removing replicas [] . Previous leader Some(-1) and previous leader epoch was 7. (state.change.logger)
[2025-10-01 13:22:44,275] INFO [Broker id=1] Leader __consumer_offsets-21 with topic id Some(jPkbrKUvQu-yUm8CNxPurA) starts at leader epoch 8 from offset 0 with partition epoch 8, high watermark 0, ISR [1], adding replicas [] and removing replicas [] . Previous leader Some(-1) and previous leader epoch was 7. (state.change.logger)
[2025-10-01 13:22:44,279] INFO [Broker id=1] Leader __consumer_offsets-17 with topic id Some(jPkbrKUvQu-yUm8CNxPurA) starts at leader epoch 8 from offset 0 with partition epoch 8, high watermark 0, ISR [1], adding replicas [] and removing replicas [] . Previous leader Some(-1) and previous leader epoch was 7. (state.change.logger)
[2025-10-01 13:22:44,284] INFO [Broker id=1] Leader __consumer_offsets-30 with topic id Some(jPkbrKUvQu-yUm8CNxPurA) starts at leader epoch 8 from offset 0 with partition epoch 8, high watermark 0, ISR [1], adding replicas [] and removing replicas [] . Previous leader Some(-1) and previous leader epoch was 7. (state.change.logger)
[2025-10-01 13:22:44,287] INFO [Broker id=1] Leader __consumer_offsets-26 with topic id Some(jPkbrKUvQu-yUm8CNxPurA) starts at leader epoch 8 from offset 0 with partition epoch 8, high watermark 0, ISR [1], adding replicas [] and removing replicas [] . Previous leader Some(-1) and previous leader epoch was 7. (state.change.logger)
[2025-10-01 13:22:44,290] INFO [Broker id=1] Leader __consumer_offsets-5 with topic id Some(jPkbrKUvQu-yUm8CNxPurA) starts at leader epoch 8 from offset 0 with partition epoch 8, high watermark 0, ISR [1], adding replicas [] and removing replicas [] . Previous leader Some(-1) and previous leader epoch was 7. (state.change.logger)
[2025-10-01 13:22:44,294] INFO [Broker id=1] Leader __consumer_offsets-38 with topic id Some(jPkbrKUvQu-yUm8CNxPurA) starts at leader epoch 8 from offset 0 with partition epoch 8, high watermark 0, ISR [1], adding replicas [] and removing replicas [] . Previous leader Some(-1) and previous leader epoch was 7. (state.change.logger)
[2025-10-01 13:22:44,298] INFO [Broker id=1] Leader __consumer_offsets-1 with topic id Some(jPkbrKUvQu-yUm8CNxPurA) starts at leader epoch 8 from offset 0 with partition epoch 8, high watermark 0, ISR [1], adding replicas [] and removing replicas [] . Previous leader Some(-1) and previous leader epoch was 7. (state.change.logger)
[2025-10-01 13:22:44,302] INFO [Broker id=1] Leader __consumer_offsets-34 with topic id Some(jPkbrKUvQu-yUm8CNxPurA) starts at leader epoch 8 from offset 0 with partition epoch 8, high watermark 0, ISR [1], adding replicas [] and removing replicas [] . Previous leader Some(-1) and previous leader epoch was 7. (state.change.logger)
[2025-10-01 13:22:44,306] INFO [Broker id=1] Leader __consumer_offsets-16 with topic id Some(jPkbrKUvQu-yUm8CNxPurA) starts at leader epoch 8 from offset 0 with partition epoch 8, high watermark 0, ISR [1], adding replicas [] and removing replicas [] . Previous leader Some(-1) and previous leader epoch was 7. (state.change.logger)
[2025-10-01 13:22:44,310] INFO [Broker id=1] Leader __consumer_offsets-45 with topic id Some(jPkbrKUvQu-yUm8CNxPurA) starts at leader epoch 8 from offset 0 with partition epoch 8, high watermark 0, ISR [1], adding replicas [] and removing replicas [] . Previous leader Some(-1) and previous leader epoch was 7. (state.change.logger)
[2025-10-01 13:22:44,315] INFO [Broker id=1] Leader __consumer_offsets-12 with topic id Some(jPkbrKUvQu-yUm8CNxPurA) starts at leader epoch 8 from offset 0 with partition epoch 8, high watermark 0, ISR [1], adding replicas [] and removing replicas [] . Previous leader Some(-1) and previous leader epoch was 7. (state.change.logger)
[2025-10-01 13:22:44,317] INFO [Broker id=1] Leader __consumer_offsets-41 with topic id Some(jPkbrKUvQu-yUm8CNxPurA) starts at leader epoch 8 from offset 0 with partition epoch 8, high watermark 0, ISR [1], adding replicas [] and removing replicas [] . Previous leader Some(-1) and previous leader epoch was 7. (state.change.logger)
[2025-10-01 13:22:44,321] INFO [Broker id=1] Leader __consumer_offsets-24 with topic id Some(jPkbrKUvQu-yUm8CNxPurA) starts at leader epoch 8 from offset 0 with partition epoch 8, high watermark 0, ISR [1], adding replicas [] and removing replicas [] . Previous leader Some(-1) and previous leader epoch was 7. (state.change.logger)
[2025-10-01 13:22:44,325] INFO [Broker id=1] Leader __consumer_offsets-20 with topic id Some(jPkbrKUvQu-yUm8CNxPurA) starts at leader epoch 8 from offset 0 with partition epoch 8, high watermark 0, ISR [1], adding replicas [] and removing replicas [] . Previous leader Some(-1) and previous leader epoch was 7. (state.change.logger)
[2025-10-01 13:22:44,329] INFO [Broker id=1] Leader __consumer_offsets-49 with topic id Some(jPkbrKUvQu-yUm8CNxPurA) starts at leader epoch 8 from offset 0 with partition epoch 8, high watermark 0, ISR [1], adding replicas [] and removing replicas [] . Previous leader Some(-1) and previous leader epoch was 7. (state.change.logger)
[2025-10-01 13:22:44,333] INFO [Broker id=1] Leader __consumer_offsets-0 with topic id Some(jPkbrKUvQu-yUm8CNxPurA) starts at leader epoch 8 from offset 0 with partition epoch 8, high watermark 0, ISR [1], adding replicas [] and removing replicas [] . Previous leader Some(-1) and previous leader epoch was 7. (state.change.logger)
[2025-10-01 13:22:44,335] INFO [Broker id=1] Leader __consumer_offsets-29 with topic id Some(jPkbrKUvQu-yUm8CNxPurA) starts at leader epoch 8 from offset 645 with partition epoch 8, high watermark 645, ISR [1], adding replicas [] and removing replicas [] . Previous leader Some(-1) and previous leader epoch was 7. (state.change.logger)
[2025-10-01 13:22:44,338] INFO [Broker id=1] Leader __consumer_offsets-25 with topic id Some(jPkbrKUvQu-yUm8CNxPurA) starts at leader epoch 8 from offset 0 with partition epoch 8, high watermark 0, ISR [1], adding replicas [] and removing replicas [] . Previous leader Some(-1) and previous leader epoch was 7. (state.change.logger)
[2025-10-01 13:22:44,343] INFO [Broker id=1] Leader __consumer_offsets-8 with topic id Some(jPkbrKUvQu-yUm8CNxPurA) starts at leader epoch 8 from offset 0 with partition epoch 8, high watermark 0, ISR [1], adding replicas [] and removing replicas [] . Previous leader Some(-1) and previous leader epoch was 7. (state.change.logger)
[2025-10-01 13:22:44,348] INFO [Broker id=1] Leader __consumer_offsets-37 with topic id Some(jPkbrKUvQu-yUm8CNxPurA) starts at leader epoch 8 from offset 0 with partition epoch 8, high watermark 0, ISR [1], adding replicas [] and removing replicas [] . Previous leader Some(-1) and previous leader epoch was 7. (state.change.logger)
[2025-10-01 13:22:44,351] INFO [Broker id=1] Leader __consumer_offsets-4 with topic id Some(jPkbrKUvQu-yUm8CNxPurA) starts at leader epoch 8 from offset 643 with partition epoch 8, high watermark 643, ISR [1], adding replicas [] and removing replicas [] . Previous leader Some(-1) and previous leader epoch was 7. (state.change.logger)
[2025-10-01 13:22:44,357] INFO [Broker id=1] Leader __consumer_offsets-33 with topic id Some(jPkbrKUvQu-yUm8CNxPurA) starts at leader epoch 8 from offset 0 with partition epoch 8, high watermark 0, ISR [1], adding replicas [] and removing replicas [] . Previous leader Some(-1) and previous leader epoch was 7. (state.change.logger)
[2025-10-01 13:22:44,361] INFO [Broker id=1] Leader __consumer_offsets-15 with topic id Some(jPkbrKUvQu-yUm8CNxPurA) starts at leader epoch 8 from offset 0 with partition epoch 8, high watermark 0, ISR [1], adding replicas [] and removing replicas [] . Previous leader Some(-1) and previous leader epoch was 7. (state.change.logger)
[2025-10-01 13:22:44,366] INFO [Broker id=1] Leader __consumer_offsets-48 with topic id Some(jPkbrKUvQu-yUm8CNxPurA) starts at leader epoch 8 from offset 0 with partition epoch 8, high watermark 0, ISR [1], adding replicas [] and removing replicas [] . Previous leader Some(-1) and previous leader epoch was 7. (state.change.logger)
[2025-10-01 13:22:44,371] INFO [Broker id=1] Leader __consumer_offsets-11 with topic id Some(jPkbrKUvQu-yUm8CNxPurA) starts at leader epoch 8 from offset 640 with partition epoch 8, high watermark 640, ISR [1], adding replicas [] and removing replicas [] . Previous leader Some(-1) and previous leader epoch was 7. (state.change.logger)
[2025-10-01 13:22:44,375] INFO [Broker id=1] Leader __consumer_offsets-44 with topic id Some(jPkbrKUvQu-yUm8CNxPurA) starts at leader epoch 8 from offset 0 with partition epoch 8, high watermark 0, ISR [1], adding replicas [] and removing replicas [] . Previous leader Some(-1) and previous leader epoch was 7. (state.change.logger)
[2025-10-01 13:22:44,379] INFO [Broker id=1] Leader __consumer_offsets-23 with topic id Some(jPkbrKUvQu-yUm8CNxPurA) starts at leader epoch 8 from offset 0 with partition epoch 8, high watermark 0, ISR [1], adding replicas [] and removing replicas [] . Previous leader Some(-1) and previous leader epoch was 7. (state.change.logger)
[2025-10-01 13:22:44,383] INFO [Broker id=1] Leader __consumer_offsets-19 with topic id Some(jPkbrKUvQu-yUm8CNxPurA) starts at leader epoch 8 from offset 0 with partition epoch 8, high watermark 0, ISR [1], adding replicas [] and removing replicas [] . Previous leader Some(-1) and previous leader epoch was 7. (state.change.logger)
[2025-10-01 13:22:44,387] INFO [Broker id=1] Leader __consumer_offsets-32 with topic id Some(jPkbrKUvQu-yUm8CNxPurA) starts at leader epoch 8 from offset 642 with partition epoch 8, high watermark 642, ISR [1], adding replicas [] and removing replicas [] . Previous leader Some(-1) and previous leader epoch was 7. (state.change.logger)
[2025-10-01 13:22:44,391] INFO [Broker id=1] Leader __consumer_offsets-28 with topic id Some(jPkbrKUvQu-yUm8CNxPurA) starts at leader epoch 8 from offset 0 with partition epoch 8, high watermark 0, ISR [1], adding replicas [] and removing replicas [] . Previous leader Some(-1) and previous leader epoch was 7. (state.change.logger)
[2025-10-01 13:22:44,396] INFO [Broker id=1] Leader __consumer_offsets-7 with topic id Some(jPkbrKUvQu-yUm8CNxPurA) starts at leader epoch 8 from offset 0 with partition epoch 8, high watermark 0, ISR [1], adding replicas [] and removing replicas [] . Previous leader Some(-1) and previous leader epoch was 7. (state.change.logger)
[2025-10-01 13:22:44,400] INFO [Broker id=1] Leader __consumer_offsets-40 with topic id Some(jPkbrKUvQu-yUm8CNxPurA) starts at leader epoch 8 from offset 0 with partition epoch 8, high watermark 0, ISR [1], adding replicas [] and removing replicas [] . Previous leader Some(-1) and previous leader epoch was 7. (state.change.logger)
[2025-10-01 13:22:44,403] INFO [Broker id=1] Leader __consumer_offsets-3 with topic id Some(jPkbrKUvQu-yUm8CNxPurA) starts at leader epoch 8 from offset 634 with partition epoch 8, high watermark 634, ISR [1], adding replicas [] and removing replicas [] . Previous leader Some(-1) and previous leader epoch was 7. (state.change.logger)
[2025-10-01 13:22:44,408] INFO [Broker id=1] Leader __consumer_offsets-36 with topic id Some(jPkbrKUvQu-yUm8CNxPurA) starts at leader epoch 8 from offset 0 with partition epoch 8, high watermark 0, ISR [1], adding replicas [] and removing replicas [] . Previous leader Some(-1) and previous leader epoch was 7. (state.change.logger)
[2025-10-01 13:22:44,413] INFO [Broker id=1] Leader __consumer_offsets-47 with topic id Some(jPkbrKUvQu-yUm8CNxPurA) starts at leader epoch 8 from offset 0 with partition epoch 8, high watermark 0, ISR [1], adding replicas [] and removing replicas [] . Previous leader Some(-1) and previous leader epoch was 7. (state.change.logger)
[2025-10-01 13:22:44,417] INFO [Broker id=1] Leader __consumer_offsets-14 with topic id Some(jPkbrKUvQu-yUm8CNxPurA) starts at leader epoch 8 from offset 0 with partition epoch 8, high watermark 0, ISR [1], adding replicas [] and removing replicas [] . Previous leader Some(-1) and previous leader epoch was 7. (state.change.logger)
[2025-10-01 13:22:44,421] INFO [Broker id=1] Leader __consumer_offsets-43 with topic id Some(jPkbrKUvQu-yUm8CNxPurA) starts at leader epoch 8 from offset 0 with partition epoch 8, high watermark 0, ISR [1], adding replicas [] and removing replicas [] . Previous leader Some(-1) and previous leader epoch was 7. (state.change.logger)
[2025-10-01 13:22:44,425] INFO [Broker id=1] Leader __consumer_offsets-10 with topic id Some(jPkbrKUvQu-yUm8CNxPurA) starts at leader epoch 8 from offset 0 with partition epoch 8, high watermark 0, ISR [1], adding replicas [] and removing replicas [] . Previous leader Some(-1) and previous leader epoch was 7. (state.change.logger)
[2025-10-01 13:22:44,429] INFO [Broker id=1] Leader __consumer_offsets-22 with topic id Some(jPkbrKUvQu-yUm8CNxPurA) starts at leader epoch 8 from offset 633 with partition epoch 8, high watermark 633, ISR [1], adding replicas [] and removing replicas [] . Previous leader Some(-1) and previous leader epoch was 7. (state.change.logger)
[2025-10-01 13:22:44,434] INFO [Broker id=1] Leader __consumer_offsets-18 with topic id Some(jPkbrKUvQu-yUm8CNxPurA) starts at leader epoch 8 from offset 0 with partition epoch 8, high watermark 0, ISR [1], adding replicas [] and removing replicas [] . Previous leader Some(-1) and previous leader epoch was 7. (state.change.logger)
[2025-10-01 13:22:44,438] INFO [Broker id=1] Leader __consumer_offsets-31 with topic id Some(jPkbrKUvQu-yUm8CNxPurA) starts at leader epoch 8 from offset 0 with partition epoch 8, high watermark 0, ISR [1], adding replicas [] and removing replicas [] . Previous leader Some(-1) and previous leader epoch was 7. (state.change.logger)
[2025-10-01 13:22:44,442] INFO [Broker id=1] Leader behaviours.scored-0 with topic id Some(Ns1saxJ0SlC24SIwzIwcDg) starts at leader epoch 8 from offset 663 with partition epoch 8, high watermark 663, ISR [1], adding replicas [] and removing replicas [] . Previous leader Some(-1) and previous leader epoch was 7. (state.change.logger)
[2025-10-01 13:22:44,446] INFO [Broker id=1] Leader __consumer_offsets-27 with topic id Some(jPkbrKUvQu-yUm8CNxPurA) starts at leader epoch 8 from offset 0 with partition epoch 8, high watermark 0, ISR [1], adding replicas [] and removing replicas [] . Previous leader Some(-1) and previous leader epoch was 7. (state.change.logger)
[2025-10-01 13:22:44,451] INFO [Broker id=1] Leader behaviours.raw-0 with topic id Some(ImaLmBOIQnaYvkNuNViBFw) starts at leader epoch 8 from offset 663 with partition epoch 8, high watermark 663, ISR [1], adding replicas [] and removing replicas [] . Previous leader Some(-1) and previous leader epoch was 7. (state.change.logger)
[2025-10-01 13:22:44,455] INFO [Broker id=1] Leader __consumer_offsets-39 with topic id Some(jPkbrKUvQu-yUm8CNxPurA) starts at leader epoch 8 from offset 0 with partition epoch 8, high watermark 0, ISR [1], adding replicas [] and removing replicas [] . Previous leader Some(-1) and previous leader epoch was 7. (state.change.logger)
[2025-10-01 13:22:44,459] INFO [Broker id=1] Leader __consumer_offsets-6 with topic id Some(jPkbrKUvQu-yUm8CNxPurA) starts at leader epoch 8 from offset 0 with partition epoch 8, high watermark 0, ISR [1], adding replicas [] and removing replicas [] . Previous leader Some(-1) and previous leader epoch was 7. (state.change.logger)
[2025-10-01 13:22:44,462] INFO [Broker id=1] Leader __consumer_offsets-35 with topic id Some(jPkbrKUvQu-yUm8CNxPurA) starts at leader epoch 8 from offset 0 with partition epoch 8, high watermark 0, ISR [1], adding replicas [] and removing replicas [] . Previous leader Some(-1) and previous leader epoch was 7. (state.change.logger)
[2025-10-01 13:22:44,467] INFO [Broker id=1] Leader transactions.scored-0 with topic id Some(0W5DZL3wQsqHsGGxBeJFtA) starts at leader epoch 8 from offset 664 with partition epoch 8, high watermark 664, ISR [1], adding replicas [] and removing replicas [] . Previous leader Some(-1) and previous leader epoch was 7. (state.change.logger)
[2025-10-01 13:22:44,471] INFO [Broker id=1] Leader __consumer_offsets-2 with topic id Some(jPkbrKUvQu-yUm8CNxPurA) starts at leader epoch 8 from offset 0 with partition epoch 8, high watermark 0, ISR [1], adding replicas [] and removing replicas [] . Previous leader Some(-1) and previous leader epoch was 7. (state.change.logger)
[2025-10-01 13:33:58,053] INFO [Broker id=1] Transitioning 54 partition(s) to local followers. (state.change.logger)
[2025-10-01 13:33:58,055] INFO [Broker id=1] Follower transactions.raw-0 starts at leader epoch 9 from offset 771 with partition epoch 9 and high watermark 771. Current leader is -1. Previous leader Some(-1) and previous leader epoch was 9. (state.change.logger)
[2025-10-01 13:33:58,055] INFO [Broker id=1] Follower __consumer_offsets-13 starts at leader epoch 9 from offset 0 with partition epoch 9 and high watermark 0. Current leader is -1. Previous leader Some(-1) and previous leader epoch was 9. (state.change.logger)
[2025-10-01 13:33:58,055] INFO [Broker id=1] Follower __consumer_offsets-46 starts at leader epoch 9 from offset 0 with partition epoch 9 and high watermark 0. Current leader is -1. Previous leader Some(-1) and previous leader epoch was 9. (state.change.logger)
[2025-10-01 13:33:58,055] INFO [Broker id=1] Follower __consumer_offsets-9 starts at leader epoch 9 from offset 0 with partition epoch 9 and high watermark 0. Current leader is -1. Previous leader Some(-1) and previous leader epoch was 9. (state.change.logger)
[2025-10-01 13:33:58,055] INFO [Broker id=1] Follower __consumer_offsets-42 starts at leader epoch 9 from offset 0 with partition epoch 9 and high watermark 0. Current leader is -1. Previous leader Some(-1) and previous leader epoch was 9. (state.change.logger)
[2025-10-01 13:33:58,055] INFO [Broker id=1] Follower __consumer_offsets-21 starts at leader epoch 9 from offset 0 with partition epoch 9 and high watermark 0. Current leader is -1. Previous leader Some(-1) and previous leader epoch was 9. (state.change.logger)
[2025-10-01 13:33:58,055] INFO [Broker id=1] Follower __consumer_offsets-17 starts at leader epoch 9 from offset 0 with partition epoch 9 and high watermark 0. Current leader is -1. Previous leader Some(-1) and previous leader epoch was 9. (state.change.logger)
[2025-10-01 13:33:58,055] INFO [Broker id=1] Follower __consumer_offsets-30 starts at leader epoch 9 from offset 0 with partition epoch 9 and high watermark 0. Current leader is -1. Previous leader Some(-1) and previous leader epoch was 9. (state.change.logger)
[2025-10-01 13:33:58,055] INFO [Broker id=1] Follower __consumer_offsets-26 starts at leader epoch 9 from offset 0 with partition epoch 9 and high watermark 0. Current leader is -1. Previous leader Some(-1) and previous leader epoch was 9. (state.change.logger)
[2025-10-01 13:33:58,056] INFO [Broker id=1] Follower __consumer_offsets-5 starts at leader epoch 9 from offset 0 with partition epoch 9 and high watermark 0. Current leader is -1. Previous leader Some(-1) and previous leader epoch was 9. (state.change.logger)
[2025-10-01 13:33:58,056] INFO [Broker id=1] Follower __consumer_offsets-38 starts at leader epoch 9 from offset 0 with partition epoch 9 and high watermark 0. Current leader is -1. Previous leader Some(-1) and previous leader epoch was 9. (state.change.logger)
[2025-10-01 13:33:58,056] INFO [Broker id=1] Follower __consumer_offsets-1 starts at leader epoch 9 from offset 0 with partition epoch 9 and high watermark 0. Current leader is -1. Previous leader Some(-1) and previous leader epoch was 9. (state.change.logger)
[2025-10-01 13:33:58,056] INFO [Broker id=1] Follower __consumer_offsets-34 starts at leader epoch 9 from offset 0 with partition epoch 9 and high watermark 0. Current leader is -1. Previous leader Some(-1) and previous leader epoch was 9. (state.change.logger)
[2025-10-01 13:33:58,056] INFO [Broker id=1] Follower __consumer_offsets-16 starts at leader epoch 9 from offset 0 with partition epoch 9 and high watermark 0. Current leader is -1. Previous leader Some(-1) and previous leader epoch was 9. (state.change.logger)
[2025-10-01 13:33:58,056] INFO [Broker id=1] Follower __consumer_offsets-45 starts at leader epoch 9 from offset 0 with partition epoch 9 and high watermark 0. Current leader is -1. Previous leader Some(-1) and previous leader epoch was 9. (state.change.logger)
[2025-10-01 13:33:58,056] INFO [Broker id=1] Follower __consumer_offsets-12 starts at leader epoch 9 from offset 0 with partition epoch 9 and high watermark 0. Current leader is -1. Previous leader Some(-1) and previous leader epoch was 9. (state.change.logger)
[2025-10-01 13:33:58,056] INFO [Broker id=1] Follower __consumer_offsets-41 starts at leader epoch 9 from offset 0 with partition epoch 9 and high watermark 0. Current leader is -1. Previous leader Some(-1) and previous leader epoch was 9. (state.change.logger)
[2025-10-01 13:33:58,056] INFO [Broker id=1] Follower __consumer_offsets-24 starts at leader epoch 9 from offset 0 with partition epoch 9 and high watermark 0. Current leader is -1. Previous leader Some(-1) and previous leader epoch was 9. (state.change.logger)
[2025-10-01 13:33:58,056] INFO [Broker id=1] Follower __consumer_offsets-20 starts at leader epoch 9 from offset 0 with partition epoch 9 and high watermark 0. Current leader is -1. Previous leader Some(-1) and previous leader epoch was 9. (state.change.logger)
[2025-10-01 13:33:58,056] INFO [Broker id=1] Follower __consumer_offsets-49 starts at leader epoch 9 from offset 0 with partition epoch 9 and high watermark 0. Current leader is -1. Previous leader Some(-1) and previous leader epoch was 9. (state.change.logger)
[2025-10-01 13:33:58,056] INFO [Broker id=1] Follower __consumer_offsets-0 starts at leader epoch 9 from offset 0 with partition epoch 9 and high watermark 0. Current leader is -1. Previous leader Some(-1) and previous leader epoch was 9. (state.change.logger)
[2025-10-01 13:33:58,056] INFO [Broker id=1] Follower __consumer_offsets-29 starts at leader epoch 9 from offset 741 with partition epoch 9 and high watermark 741. Current leader is -1. Previous leader Some(-1) and previous leader epoch was 9. (state.change.logger)
[2025-10-01 13:33:58,056] INFO [Broker id=1] Follower __consumer_offsets-25 starts at leader epoch 9 from offset 0 with partition epoch 9 and high watermark 0. Current leader is -1. Previous leader Some(-1) and previous leader epoch was 9. (state.change.logger)
[2025-10-01 13:33:58,056] INFO [Broker id=1] Follower __consumer_offsets-8 starts at leader epoch 9 from offset 0 with partition epoch 9 and high watermark 0. Current leader is -1. Previous leader Some(-1) and previous leader epoch was 9. (state.change.logger)
[2025-10-01 13:33:58,056] INFO [Broker id=1] Follower __consumer_offsets-37 starts at leader epoch 9 from offset 0 with partition epoch 9 and high watermark 0. Current leader is -1. Previous leader Some(-1) and previous leader epoch was 9. (state.change.logger)
[2025-10-01 13:33:58,056] INFO [Broker id=1] Follower __consumer_offsets-4 starts at leader epoch 9 from offset 747 with partition epoch 9 and high watermark 747. Current leader is -1. Previous leader Some(-1) and previous leader epoch was 9. (state.change.logger)
[2025-10-01 13:33:58,056] INFO [Broker id=1] Follower __consumer_offsets-33 starts at leader epoch 9 from offset 0 with partition epoch 9 and high watermark 0. Current leader is -1. Previous leader Some(-1) and previous leader epoch was 9. (state.change.logger)
[2025-10-01 13:33:58,056] INFO [Broker id=1] Follower __consumer_offsets-15 starts at leader epoch 9 from offset 0 with partition epoch 9 and high watermark 0. Current leader is -1. Previous leader Some(-1) and previous leader epoch was 9. (state.change.logger)
[2025-10-01 13:33:58,056] INFO [Broker id=1] Follower __consumer_offsets-48 starts at leader epoch 9 from offset 0 with partition epoch 9 and high watermark 0. Current leader is -1. Previous leader Some(-1) and previous leader epoch was 9. (state.change.logger)
[2025-10-01 13:33:58,056] INFO [Broker id=1] Follower __consumer_offsets-11 starts at leader epoch 9 from offset 745 with partition epoch 9 and high watermark 745. Current leader is -1. Previous leader Some(-1) and previous leader epoch was 9. (state.change.logger)
[2025-10-01 13:33:58,056] INFO [Broker id=1] Follower __consumer_offsets-44 starts at leader epoch 9 from offset 0 with partition epoch 9 and high watermark 0. Current leader is -1. Previous leader Some(-1) and previous leader epoch was 9. (state.change.logger)
[2025-10-01 13:33:58,057] INFO [Broker id=1] Follower __consumer_offsets-23 starts at leader epoch 9 from offset 0 with partition epoch 9 and high watermark 0. Current leader is -1. Previous leader Some(-1) and previous leader epoch was 9. (state.change.logger)
[2025-10-01 13:33:58,057] INFO [Broker id=1] Follower __consumer_offsets-19 starts at leader epoch 9 from offset 0 with partition epoch 9 and high watermark 0. Current leader is -1. Previous leader Some(-1) and previous leader epoch was 9. (state.change.logger)
[2025-10-01 13:33:58,057] INFO [Broker id=1] Follower __consumer_offsets-32 starts at leader epoch 9 from offset 737 with partition epoch 9 and high watermark 737. Current leader is -1. Previous leader Some(-1) and previous leader epoch was 9. (state.change.logger)
[2025-10-01 13:33:58,057] INFO [Broker id=1] Follower __consumer_offsets-28 starts at leader epoch 9 from offset 0 with partition epoch 9 and high watermark 0. Current leader is -1. Previous leader Some(-1) and previous leader epoch was 9. (state.change.logger)
[2025-10-01 13:33:58,057] INFO [Broker id=1] Follower __consumer_offsets-7 starts at leader epoch 9 from offset 0 with partition epoch 9 and high watermark 0. Current leader is -1. Previous leader Some(-1) and previous leader epoch was 9. (state.change.logger)
[2025-10-01 13:33:58,057] INFO [Broker id=1] Follower __consumer_offsets-40 starts at leader epoch 9 from offset 0 with partition epoch 9 and high watermark 0. Current leader is -1. Previous leader Some(-1) and previous leader epoch was 9. (state.change.logger)
[2025-10-01 13:33:58,057] INFO [Broker id=1] Follower __consumer_offsets-3 starts at leader epoch 9 from offset 730 with partition epoch 9 and high watermark 730. Current leader is -1. Previous leader Some(-1) and previous leader epoch was 9. (state.change.logger)
[2025-10-01 13:33:58,057] INFO [Broker id=1] Follower __consumer_offsets-36 starts at leader epoch 9 from offset 0 with partition epoch 9 and high watermark 0. Current leader is -1. Previous leader Some(-1) and previous leader epoch was 9. (state.change.logger)
[2025-10-01 13:33:58,057] INFO [Broker id=1] Follower __consumer_offsets-47 starts at leader epoch 9 from offset 0 with partition epoch 9 and high watermark 0. Current leader is -1. Previous leader Some(-1) and previous leader epoch was 9. (state.change.logger)
[2025-10-01 13:33:58,057] INFO [Broker id=1] Follower __consumer_offsets-14 starts at leader epoch 9 from offset 0 with partition epoch 9 and high watermark 0. Current leader is -1. Previous leader Some(-1) and previous leader epoch was 9. (state.change.logger)
[2025-10-01 13:33:58,057] INFO [Broker id=1] Follower __consumer_offsets-43 starts at leader epoch 9 from offset 0 with partition epoch 9 and high watermark 0. Current leader is -1. Previous leader Some(-1) and previous leader epoch was 9. (state.change.logger)
[2025-10-01 13:33:58,057] INFO [Broker id=1] Follower __consumer_offsets-10 starts at leader epoch 9 from offset 0 with partition epoch 9 and high watermark 0. Current leader is -1. Previous leader Some(-1) and previous leader epoch was 9. (state.change.logger)
[2025-10-01 13:33:58,057] INFO [Broker id=1] Follower __consumer_offsets-22 starts at leader epoch 9 from offset 729 with partition epoch 9 and high watermark 729. Current leader is -1. Previous leader Some(-1) and previous leader epoch was 9. (state.change.logger)
[2025-10-01 13:33:58,057] INFO [Broker id=1] Follower __consumer_offsets-18 starts at leader epoch 9 from offset 0 with partition epoch 9 and high watermark 0. Current leader is -1. Previous leader Some(-1) and previous leader epoch was 9. (state.change.logger)
[2025-10-01 13:33:58,057] INFO [Broker id=1] Follower __consumer_offsets-31 starts at leader epoch 9 from offset 0 with partition epoch 9 and high watermark 0. Current leader is -1. Previous leader Some(-1) and previous leader epoch was 9. (state.change.logger)
[2025-10-01 13:33:58,057] INFO [Broker id=1] Follower behaviours.scored-0 starts at leader epoch 9 from offset 772 with partition epoch 9 and high watermark 772. Current leader is -1. Previous leader Some(-1) and previous leader epoch was 9. (state.change.logger)
[2025-10-01 13:33:58,057] INFO [Broker id=1] Follower __consumer_offsets-27 starts at leader epoch 9 from offset 0 with partition epoch 9 and high watermark 0. Current leader is -1. Previous leader Some(-1) and previous leader epoch was 9. (state.change.logger)
[2025-10-01 13:33:58,057] INFO [Broker id=1] Follower behaviours.raw-0 starts at leader epoch 9 from offset 771 with partition epoch 9 and high watermark 771. Current leader is -1. Previous leader Some(-1) and previous leader epoch was 9. (state.change.logger)
[2025-10-01 13:33:58,057] INFO [Broker id=1] Follower __consumer_offsets-39 starts at leader epoch 9 from offset 0 with partition epoch 9 and high watermark 0. Current leader is -1. Previous leader Some(-1) and previous leader epoch was 9. (state.change.logger)
[2025-10-01 13:33:58,057] INFO [Broker id=1] Follower __consumer_offsets-6 starts at leader epoch 9 from offset 0 with partition epoch 9 and high watermark 0. Current leader is -1. Previous leader Some(-1) and previous leader epoch was 9. (state.change.logger)
[2025-10-01 13:33:58,057] INFO [Broker id=1] Follower __consumer_offsets-35 starts at leader epoch 9 from offset 0 with partition epoch 9 and high watermark 0. Current leader is -1. Previous leader Some(-1) and previous leader epoch was 9. (state.change.logger)
[2025-10-01 13:33:58,057] INFO [Broker id=1] Follower transactions.scored-0 starts at leader epoch 9 from offset 773 with partition epoch 9 and high watermark 773. Current leader is -1. Previous leader Some(-1) and previous leader epoch was 9. (state.change.logger)
[2025-10-01 13:33:58,057] INFO [Broker id=1] Follower __consumer_offsets-2 starts at leader epoch 9 from offset 0 with partition epoch 9 and high watermark 0. Current leader is -1. Previous leader Some(-1) and previous leader epoch was 9. (state.change.logger)
[2025-10-01 13:33:58,060] INFO [Broker id=1] Stopped fetchers as part of controlled shutdown for 54 partitions (state.change.logger)
